분쟁ID,연도,발생지,정부군(교전A),반군/적대측(교전B),분쟁원인,전쟁강도,분쟁유형,지역,사망자_추정치
11342,2012,인도,인도 정부,GNLA,영토,소규모,내전,,27
11342,2014,인도,인도 정부,GNLA,영토,소규모,내전,,26
11344,2011,수단,수단 정부,Republic of South Sudan,영토,소규모,내전,,145
11345,2011,남수단,남수단 정부,"SSDM/A, SSLM/A",정부/권력,소규모,내전,,216
11345,2012,남수단,남수단 정부,SSLM/A,정부/권력,소규모,내전,,137
11345,2013,남수단,남수단 정부,"SPLM/A - IO, SSDM/A - Cobra Faction",정부/권력,소규모,내전,,926
11345,2014,남수단,남수단 정부,SPLM/A - IO,정부/권력,전면전,국제화된 내전,,1667
11345,2015,남수단,남수단 정부,SPLM/A - IO,정부/권력,소규모,국제화된 내전,,493
11345,2016,남수단,남수단 정부,SPLM/A - IO,정부/권력,소규모,내전,,735
11345,2017,남수단,남수단 정부,SPLM/A - IO,정부/권력,소규모,내전,,484
11345,2018,남수단,남수단 정부,SPLM/A - IO,정부/권력,소규모,내전,,526
11345,2019,남수단,남수단 정부,NAS,정부/권력,소규모,내전,,110
11345,2020,남수단,남수단 정부,NAS,정부/권력,소규모,내전,,58
11345,2021,남수단,남수단 정부,"NAS, SPLM/A - IO - Kitgwang",정부/권력,소규모,내전,,188
11346,2011,리비아,리비아 정부,"Forces of Muammar Gaddafi, NTC",정부/권력,전면전,국제화된 내전,,3762
11346,2013,리비아,리비아 정부,ASL,정부/권력,소규모,내전,,31
11346,2014,리비아,리비아 정부,"Forces of the House of Representatives, Zintan Military Council",정부/권력,소규모,내전,,274
11346,2015,리비아,리비아 정부,Forces of the House of Representatives,정부/권력,소규모,내전,,156
11346,2017,리비아,리비아 정부,"Forces of Khalifa al-Ghawil, Forces of the House of Representatives, PFLL",정부/권력,소규모,내전,,308
11346,2019,리비아,리비아 정부,Forces of the House of Representatives,정부/권력,전면전,국제화된 내전,,1588
11346,2020,리비아,리비아 정부,Forces of the House of Representatives,정부/권력,소규모,국제화된 내전,,668
11347,2009,말리,말리 정부,AQIM,정부/권력,소규모,내전,,87
11347,2012,말리,말리 정부,"Ansar Dine, Military faction (Red Berets)",정부/권력,소규모,내전,,87
11347,2013,말리,말리 정부,"Ansar Dine, AQIM, MUJAO, Signed-in-Blood Battalion",정부/권력,소규모,국제화된 내전,,836
11347,2014,말리,말리 정부,"al-Murabitun, AQIM",정부/권력,소규모,국제화된 내전,,95
11347,2015,말리,말리 정부,"Ansar Dine, AQIM",정부/권력,소규모,국제화된 내전,,74
11347,2016,말리,말리 정부,"Ansar Dine, AQIM",정부/권력,소규모,국제화된 내전,,97
11347,2017,말리,말리 정부,"AQIM, JNIM",정부/권력,소규모,국제화된 내전,,312
11347,2018,말리,말리 정부,JNIM,정부/권력,소규모,국제화된 내전,,402
11347,2019,말리,말리 정부,JNIM,정부/권력,소규모,국제화된 내전,,422
11347,2020,말리,말리 정부,JNIM,정부/권력,소규모,국제화된 내전,,520
11347,2021,말리,말리 정부,JNIM,정부/권력,소규모,국제화된 내전,,616
11347,2022,말리,말리 정부,JNIM,정부/권력,전면전,국제화된 내전,,1117
11347,2023,말리,말리 정부,JNIM,정부/권력,소규모,국제화된 내전,,886
11347,2024,말리,말리 정부,JNIM,정부/권력,소규모,국제화된 내전,,760
11348,2012,"남수단, 수단",남수단 정부,수단 정부,영토,소규모,국가간,,367
11349,2008,중국,중국 정부,ETIM,영토,소규모,내전,,36
11350,2005,방글라데시,방글라데시 정부,"PBCP, PBCP-J",정부/권력,소규모,내전,,62
11350,2006,방글라데시,방글라데시 정부,PBCP-J,정부/권력,소규모,내전,,57
11447,1991,에티오피아,에티오피아 정부,IGLF,영토,소규모,내전,,100
11475,1991,미얀마,미얀마 정부,NSCN-K,영토,소규모,내전,,150
11475,1995,미얀마,미얀마 정부,NSCN-K,영토,소규모,내전,,33
11475,2000,미얀마,미얀마 정부,NSCN-K,영토,소규모,내전,,43
11475,2001,미얀마,미얀마 정부,NSCN-K,영토,소규모,내전,,62
11475,2005,미얀마,미얀마 정부,NSCN-K,영토,소규모,내전,,38
11475,2006,미얀마,미얀마 정부,NSCN-K,영토,소규모,내전,,92
11475,2007,미얀마,미얀마 정부,NSCN-K,영토,소규모,내전,,215
11487,2013,말레이시아,말레이시아 정부,Sultanate of Sulu,영토,소규모,내전,,70
11639,2024,"아프가니스탄, 파키스탄",아프가니스탄 정부,파키스탄 정부,영토,소규모,국가간,,61
13042,2012,시리아,시리아 정부,PYD,영토,소규모,내전,,46
13042,2013,시리아,시리아 정부,PYD,영토,소규모,내전,,78
13042,2014,시리아,시리아 정부,PYD,영토,소규모,내전,,52
13042,2015,시리아,시리아 정부,PYD,영토,소규모,내전,,84
13219,2014,우크라이나,우크라이나 정부,Maidan,정부/권력,소규모,내전,,88
13243,2022,"러시아, 우크라이나",러시아 정부,우크라이나 정부,복합,전면전,국가간,,91502
13243,2023,"러시아, 우크라이나",러시아 정부,우크라이나 정부,복합,전면전,국가간,,75180
13243,2024,"러시아, 우크라이나",러시아 정부,우크라이나 정부,복합,전면전,국가간,,75686
13246,2014,우크라이나,우크라이나 정부,DPR,영토,전면전,국제화된 내전,,2276
13247,2014,우크라이나,우크라이나 정부,LPR,영토,전면전,국제화된 내전,,1072
13306,2014,우크라이나,우크라이나 정부,United Armed Forces of Novorossiya,영토,전면전,국제화된 내전,,1459
13306,2015,우크라이나,우크라이나 정부,"DPR, LPR, United Armed Forces of Novorossiya",영토,전면전,국제화된 내전,,1890
13306,2016,우크라이나,우크라이나 정부,"DPR, LPR",영토,소규모,국제화된 내전,,697
13306,2017,우크라이나,우크라이나 정부,"DPR, LPR",영토,소규모,국제화된 내전,,447
13306,2018,우크라이나,우크라이나 정부,"DPR, LPR",영토,소규모,국제화된 내전,,243
13306,2019,우크라이나,우크라이나 정부,"DPR, LPR",영토,소규모,국제화된 내전,,311
13306,2020,우크라이나,우크라이나 정부,"DPR, LPR",영토,소규모,국제화된 내전,,196
13306,2021,우크라이나,우크라이나 정부,"DPR, LPR",영토,소규모,국제화된 내전,,208
13306,2022,우크라이나,우크라이나 정부,DPR,영토,소규모,국제화된 내전,,43
13324,2021,"키르기스스탄, 타지키스탄",키르기스스탄 정부,타지키스탄 정부,영토,소규모,국가간,,56
13324,2022,"키르기스스탄, 타지키스탄",키르기스스탄 정부,타지키스탄 정부,영토,소규모,국가간,,150
13588,2015,러시아,러시아 정부,IS,영토,소규모,내전,,55
13588,2016,러시아,러시아 정부,IS,영토,소규모,내전,,69
13588,2017,러시아,러시아 정부,IS,영토,소규모,내전,,53
13588,2018,러시아,러시아 정부,IS,영토,소규모,내전,,30
13588,2019,러시아,러시아 정부,IS,영토,소규모,내전,,26
13588,2020,러시아,러시아 정부,IS,영토,소규모,내전,,30
13588,2024,러시아,러시아 정부,IS,영토,소규모,내전,,53
13604,2013,시리아,시리아 정부,IS,영토,전면전,내전,,1422
13604,2014,시리아,시리아 정부,IS,영토,전면전,내전,,7336
13604,2015,시리아,시리아 정부,IS,영토,전면전,국제화된 내전,,10382
13604,2016,시리아,시리아 정부,IS,영토,전면전,국제화된 내전,,10903
13604,2017,시리아,시리아 정부,IS,영토,전면전,국제화된 내전,,11920
13604,2018,시리아,시리아 정부,IS,영토,전면전,국제화된 내전,,4347
13604,2019,시리아,시리아 정부,IS,영토,소규모,국제화된 내전,,523
13604,2020,시리아,시리아 정부,IS,영토,전면전,국제화된 내전,,1076
13604,2021,시리아,시리아 정부,IS,영토,소규모,국제화된 내전,,680
13604,2022,시리아,시리아 정부,IS,영토,소규모,국제화된 내전,,348
13604,2023,시리아,시리아 정부,IS,영토,소규모,국제화된 내전,,459
13604,2024,시리아,시리아 정부,IS,영토,소규모,국제화된 내전,,629
13611,2015,말리,말리 정부,FLM,영토,소규모,내전,,44
13637,2015,아프가니스탄,아프가니스탄 정부,IS,영토,소규모,국제화된 내전,,679
13637,2016,아프가니스탄,아프가니스탄 정부,IS,영토,전면전,국제화된 내전,,2141
13637,2017,아프가니스탄,아프가니스탄 정부,IS,영토,전면전,국제화된 내전,,2795
13637,2018,아프가니스탄,아프가니스탄 정부,IS,영토,전면전,국제화된 내전,,2842
13637,2019,아프가니스탄,아프가니스탄 정부,IS,영토,전면전,국제화된 내전,,1075
13637,2020,아프가니스탄,아프가니스탄 정부,IS,영토,소규모,국제화된 내전,,316
13637,2021,아프가니스탄,아프가니스탄 정부,IS,영토,소규모,국제화된 내전,,264
13637,2022,아프가니스탄,아프가니스탄 정부,IS,영토,소규모,내전,,253
13637,2023,아프가니스탄,아프가니스탄 정부,IS,영토,소규모,내전,,149
13637,2024,아프가니스탄,아프가니스탄 정부,IS,영토,소규모,내전,,105
13638,2015,카메룬,카메룬 정부,IS,영토,소규모,국제화된 내전,,283
13638,2016,카메룬,카메룬 정부,IS,영토,소규모,내전,,189
13638,2019,카메룬,카메룬 정부,IS,영토,소규모,국제화된 내전,,135
13638,2021,카메룬,카메룬 정부,IS,영토,소규모,국제화된 내전,,62
13638,2023,카메룬,카메룬 정부,IS,영토,소규모,내전,,53
13639,2015,니제르,니제르 정부,IS,영토,소규모,국제화된 내전,,171
13639,2016,니제르,니제르 정부,IS,영토,소규모,국제화된 내전,,274
13639,2017,니제르,니제르 정부,IS,영토,소규모,국제화된 내전,,229
13639,2018,니제르,니제르 정부,IS,영토,소규모,국제화된 내전,,74
13639,2019,니제르,니제르 정부,IS,영토,소규모,국제화된 내전,,283
13639,2020,니제르,니제르 정부,IS,영토,소규모,국제화된 내전,,512
13639,2021,니제르,니제르 정부,IS,영토,소규모,국제화된 내전,,380
13639,2022,니제르,니제르 정부,IS,영토,소규모,국제화된 내전,,323
13639,2023,니제르,니제르 정부,IS,영토,소규모,국제화된 내전,,247
13639,2024,니제르,니제르 정부,IS,영토,소규모,내전,,485
13640,2015,차드,차드 정부,IS,영토,소규모,내전,,272
13640,2017,차드,차드 정부,IS,영토,소규모,내전,,57
13640,2018,차드,차드 정부,IS,영토,소규모,내전,,108
13640,2019,차드,차드 정부,IS,영토,소규모,내전,,144
13640,2020,차드,차드 정부,IS,영토,소규모,내전,,143
13640,2021,차드,차드 정부,IS,영토,소규모,내전,,55
13640,2022,차드,차드 정부,IS,영토,소규모,내전,,35
13641,2015,나이지리아,나이지리아 정부,IS,영토,전면전,국제화된 내전,,2063
13641,2016,나이지리아,나이지리아 정부,IS,영토,전면전,국제화된 내전,,2287
13641,2017,나이지리아,나이지리아 정부,IS,영토,소규모,국제화된 내전,,817
13641,2018,나이지리아,나이지리아 정부,IS,영토,소규모,국제화된 내전,,836
13641,2019,나이지리아,나이지리아 정부,IS,영토,전면전,국제화된 내전,,1013
13641,2020,나이지리아,나이지리아 정부,IS,영토,전면전,국제화된 내전,,1559
13641,2021,나이지리아,나이지리아 정부,IS,영토,전면전,국제화된 내전,,1597
13641,2022,나이지리아,나이지리아 정부,IS,영토,전면전,국제화된 내전,,1052
13641,2023,나이지리아,나이지리아 정부,IS,영토,전면전,국제화된 내전,,1545
13641,2024,나이지리아,나이지리아 정부,IS,영토,전면전,국제화된 내전,,1163
13645,2015,예멘,예멘 정부,IS,영토,소규모,내전,,283
13645,2017,예멘,예멘 정부,IS,영토,소규모,내전,,26
13645,2020,예멘,예멘 정부,IS,영토,소규모,내전,,33
13646,2015,케냐,케냐 정부,Al-Shabaab,영토,소규모,내전,,42
13646,2016,케냐,케냐 정부,Al-Shabaab,영토,소규모,내전,,49
13646,2017,케냐,케냐 정부,Al-Shabaab,영토,소규모,내전,,85
13646,2018,케냐,케냐 정부,Al-Shabaab,영토,소규모,내전,,69
13646,2019,케냐,케냐 정부,Al-Shabaab,영토,소규모,국제화된 내전,,61
13646,2020,케냐,케냐 정부,Al-Shabaab,영토,소규모,국제화된 내전,,94
13646,2021,케냐,케냐 정부,Al-Shabaab,영토,소규모,국제화된 내전,,78
13646,2022,케냐,케냐 정부,Al-Shabaab,영토,소규모,내전,,72
13646,2023,케냐,케냐 정부,Al-Shabaab,영토,소규모,내전,,196
13646,2024,케냐,케냐 정부,Al-Shabaab,영토,소규모,내전,,52
13648,2015,이집트,이집트 정부,IS,영토,소규모,내전,,767
13648,2016,이집트,이집트 정부,IS,영토,소규모,내전,,355
13648,2017,이집트,이집트 정부,IS,영토,소규모,내전,,394
13648,2018,이집트,이집트 정부,IS,영토,소규모,내전,,652
13648,2019,이집트,이집트 정부,IS,영토,소규모,내전,,589
13648,2020,이집트,이집트 정부,IS,영토,소규모,내전,,527
13648,2021,이집트,이집트 정부,IS,영토,소규모,내전,,112
13648,2022,이집트,이집트 정부,IS,영토,소규모,내전,,231
13653,2015,인도,인도 정부,UNLFW,영토,소규모,내전,,161
13653,2016,인도,인도 정부,UNLFW,영토,소규모,내전,,47
13653,2017,인도,인도 정부,UNLFW,영토,소규모,내전,,39
13653,2018,인도,인도 정부,UNLFW,영토,소규모,내전,,27
13674,2016,방글라데시,방글라데시 정부,IS,영토,소규모,내전,,41
13674,2017,방글라데시,방글라데시 정부,IS,영토,소규모,내전,,47
13675,2014,레바논,레바논 정부,IS,영토,소규모,내전,,126
13675,2015,레바논,레바논 정부,IS,영토,소규모,내전,,76
13675,2017,레바논,레바논 정부,IS,영토,소규모,내전,,70
13692,2001,"아프가니스탄, 영국, United States of America",아프가니스탄 정부,"United Kingdom, United States of America 정부",정부/권력,전면전,국가간,,1397
13694,2015,리비아,리비아 정부,IS,영토,소규모,내전,,118
13694,2016,리비아,리비아 정부,IS,영토,전면전,국제화된 내전,,1678
13694,2017,리비아,리비아 정부,IS,영토,소규모,국제화된 내전,,96
13694,2018,리비아,리비아 정부,IS,영토,소규모,국제화된 내전,,44
13694,2019,리비아,리비아 정부,IS,영토,소규모,국제화된 내전,,43
13721,2015,알제리,알제리 정부,IS,영토,소규모,내전,,26
13809,2016,시리아,시리아 정부,SDF,복합,소규모,내전,,152
13809,2018,시리아,시리아 정부,SDF,복합,소규모,내전,,35
13809,2023,시리아,시리아 정부,SDF,복합,소규모,내전,,40
13809,2024,시리아,시리아 정부,SDF,복합,소규모,내전,,78
13840,2019,Burkina Faso,Burkina Faso 정부,IS,영토,소규모,국제화된 내전,,78
13840,2020,Burkina Faso,Burkina Faso 정부,IS,영토,소규모,국제화된 내전,,160
13840,2021,Burkina Faso,Burkina Faso 정부,IS,영토,소규모,국제화된 내전,,170
13840,2022,Burkina Faso,Burkina Faso 정부,IS,영토,소규모,국제화된 내전,,402
13840,2023,Burkina Faso,Burkina Faso 정부,IS,영토,소규모,내전,,817
13840,2024,Burkina Faso,Burkina Faso 정부,IS,영토,소규모,내전,,63
13886,2016,요르단,요르단 정부,IS,영토,소규모,내전,,34
13902,2015,터키,터키 정부,IS,영토,소규모,내전,,26
13902,2016,터키,터키 정부,IS,영토,전면전,내전,,1107
13902,2017,터키,터키 정부,IS,영토,소규모,내전,,750
13936,2016,파키스탄,파키스탄 정부,IS,영토,소규모,내전,,68
13936,2017,파키스탄,파키스탄 정부,IS,영토,소규모,내전,,80
13936,2018,파키스탄,파키스탄 정부,IS,영토,소규모,내전,,51
13936,2019,파키스탄,파키스탄 정부,IS,영토,소규모,내전,,29
13936,2021,파키스탄,파키스탄 정부,IS,영토,소규모,내전,,26
13936,2022,파키스탄,파키스탄 정부,IS,영토,소규모,내전,,29
13936,2023,파키스탄,파키스탄 정부,IS,영토,소규모,내전,,86
14074,2018,소말리아,소말리아 정부,Republic of Somaliland,영토,소규모,내전,,121
14113,2017,말리,말리 정부,IS,영토,소규모,국제화된 내전,,47
14113,2018,말리,말리 정부,IS,영토,소규모,국제화된 내전,,119
14113,2019,말리,말리 정부,IS,영토,소규모,국제화된 내전,,181
14113,2020,말리,말리 정부,IS,영토,소규모,국제화된 내전,,63
14113,2021,말리,말리 정부,IS,영토,소규모,국제화된 내전,,110
14113,2022,말리,말리 정부,IS,영토,소규모,국제화된 내전,,323
14113,2023,말리,말리 정부,IS,영토,소규모,국제화된 내전,,182
14113,2024,말리,말리 정부,IS,영토,소규모,국제화된 내전,,128
14129,2017,카메룬,카메룬 정부,Ambazonia insurgents,영토,소규모,내전,,35
14129,2018,카메룬,카메룬 정부,Ambazonia insurgents,영토,소규모,내전,,754
14129,2019,카메룬,카메룬 정부,Ambazonia insurgents,영토,소규모,내전,,558
14129,2020,카메룬,카메룬 정부,Ambazonia insurgents,영토,소규모,내전,,401
14129,2021,카메룬,카메룬 정부,Ambazonia insurgents,영토,소규모,내전,,519
14129,2022,카메룬,카메룬 정부,Ambazonia insurgents,영토,소규모,내전,,375
14129,2023,카메룬,카메룬 정부,Ambazonia insurgents,영토,소규모,내전,,193
14129,2024,카메룬,카메룬 정부,Ambazonia insurgents,영토,소규모,내전,,168
14197,2019,소말리아,소말리아 정부,IS,영토,소규모,국제화된 내전,,33
14197,2020,소말리아,소말리아 정부,IS,영토,소규모,국제화된 내전,,41
14197,2021,소말리아,소말리아 정부,IS,영토,소규모,국제화된 내전,,53
14197,2024,소말리아,소말리아 정부,IS,영토,소규모,국제화된 내전,,30
14268,2017,이란,이란 정부,IS,영토,소규모,내전,,27
14275,2016,필리핀,필리핀 정부,IS,영토,소규모,내전,,155
14275,2017,필리핀,필리핀 정부,IS,영토,전면전,내전,,1363
14275,2018,필리핀,필리핀 정부,IS,영토,소규모,내전,,193
14275,2019,필리핀,필리핀 정부,IS,영토,소규모,내전,,136
14275,2020,필리핀,필리핀 정부,IS,영토,소규모,내전,,75
14275,2021,필리핀,필리핀 정부,IS,영토,소규모,내전,,71
14275,2022,필리핀,필리핀 정부,IS,영토,소규모,내전,,53
14275,2023,필리핀,필리핀 정부,IS,영토,소규모,내전,,79
14275,2024,필리핀,필리핀 정부,IS,영토,소규모,내전,,43
14333,2016,튀니지,튀니지 정부,IS,영토,소규모,내전,,71
14609,2018,"이란, 이스라엘",이란 정부,이스라엘 정부,정부/권력,소규모,국가간,,111
14609,2019,"이란, 이스라엘",이란 정부,이스라엘 정부,정부/권력,소규모,국가간,,138
14609,2020,"이란, 이스라엘",이란 정부,이스라엘 정부,정부/권력,소규모,국가간,,461
14609,2021,"이란, 이스라엘",이란 정부,이스라엘 정부,정부/권력,소규모,국가간,,166
14609,2022,"이란, 이스라엘",이란 정부,이스라엘 정부,정부/권력,소규모,국가간,,56
14609,2023,"이란, 이스라엘",이란 정부,이스라엘 정부,정부/권력,소규모,국가간,,160
14609,2024,"이란, 이스라엘",이란 정부,이스라엘 정부,정부/권력,소규모,국가간,,549
14692,2017,DR Congo (Zaire),DR Congo (Zaire) 정부,IS,영토,소규모,국제화된 내전,,96
14692,2018,DR Congo (Zaire),DR Congo (Zaire) 정부,IS,영토,소규모,국제화된 내전,,378
14692,2019,DR Congo (Zaire),DR Congo (Zaire) 정부,IS,영토,소규모,국제화된 내전,,335
14692,2020,DR Congo (Zaire),DR Congo (Zaire) 정부,IS,영토,소규모,국제화된 내전,,644
14692,2021,DR Congo (Zaire),DR Congo (Zaire) 정부,IS,영토,소규모,국제화된 내전,,616
14692,2022,DR Congo (Zaire),DR Congo (Zaire) 정부,IS,영토,소규모,국제화된 내전,,914
14692,2023,DR Congo (Zaire),DR Congo (Zaire) 정부,IS,영토,소규모,국제화된 내전,,348
14692,2024,DR Congo (Zaire),DR Congo (Zaire) 정부,IS,영토,소규모,국제화된 내전,,150
14845,2019,모잠비크,모잠비크 정부,IS,영토,소규모,내전,,194
14845,2020,모잠비크,모잠비크 정부,IS,영토,소규모,내전,,939
14845,2021,모잠비크,모잠비크 정부,IS,영토,소규모,국제화된 내전,,867
14845,2022,모잠비크,모잠비크 정부,IS,영토,소규모,국제화된 내전,,378
14845,2023,모잠비크,모잠비크 정부,IS,영토,소규모,국제화된 내전,,176
14845,2024,모잠비크,모잠비크 정부,IS,영토,소규모,국제화된 내전,,151
14935,2019,에티오피아,에티오피아 정부,Military faction (forces of Asaminew Tsige),영토,소규모,내전,,27
15183,2020,탄자니아,탄자니아 정부,IS,영토,소규모,내전,,25
15256,2022,Benin,Benin 정부,JNIM,정부/권력,소규모,내전,,30
15256,2023,Benin,Benin 정부,JNIM,정부/권력,소규모,내전,,28
15256,2024,Benin,Benin 정부,JNIM,정부/권력,소규모,내전,,77
15283,2015,중앙아프리카공화국,중앙아프리카공화국 정부,FPRC,영토,소규모,국제화된 내전,,27
15283,2023,중앙아프리카공화국,중앙아프리카공화국 정부,MPC,영토,소규모,국제화된 내전,,31
15438,2022,우간다,우간다 정부,IS,영토,소규모,내전,,25
16038,2023,말리,말리 정부,FLA,복합,소규모,내전,,170
16038,2024,말리,말리 정부,FLA,복합,소규모,국제화된 내전,,123
16069,2023,에티오피아,에티오피아 정부,Fano,복합,전면전,내전,,1218
16069,2024,에티오피아,에티오피아 정부,Fano,복합,전면전,내전,,2139
16099,2024,"영국, United States of America, 예멘","United Kingdom, United States of America 정부",예멘 정부,영토,소규모,국가간,,117
16292,2018,타지키스탄,타지키스탄 정부,IS,영토,소규모,내전,,52
16292,2019,타지키스탄,타지키스탄 정부,IS,영토,소규모,내전,,49
16379,2024,소말리아,소말리아 정부,Jubaland State of Somalia,영토,소규모,내전,,75
205,1990,이란,이란 정부,KDPI,영토,소규모,내전,,31
205,1993,이란,이란 정부,KDPI,영토,소규모,내전,,110
205,1996,이란,이란 정부,KDPI,영토,소규모,내전,,27
205,2016,이란,이란 정부,KDPI,영토,소규모,내전,,30
205,2018,이란,이란 정부,KDPI,영토,소규모,내전,,44
209,1989,필리핀,필리핀 정부,"CPP, Military faction (forces of Honasan, Abenina & Zumel)",정부/권력,소규모,내전,,822
209,1990,필리핀,필리핀 정부,"CPP, Military faction (forces of Honasan, Abenina & Zumel)",정부/권력,전면전,내전,,1175
209,1991,필리핀,필리핀 정부,CPP,정부/권력,전면전,내전,,1514
209,1992,필리핀,필리핀 정부,CPP,정부/권력,소규모,내전,,430
209,1993,필리핀,필리핀 정부,CPP,정부/권력,소규모,내전,,99
209,1994,필리핀,필리핀 정부,CPP,정부/권력,소규모,내전,,69
209,1995,필리핀,필리핀 정부,CPP,정부/권력,소규모,내전,,36
209,1997,필리핀,필리핀 정부,CPP,정부/권력,소규모,내전,,32
209,1999,필리핀,필리핀 정부,CPP,정부/권력,소규모,내전,,93
209,2000,필리핀,필리핀 정부,CPP,정부/권력,소규모,내전,,140
209,2001,필리핀,필리핀 정부,CPP,정부/권력,소규모,내전,,142
209,2002,필리핀,필리핀 정부,CPP,정부/권력,소규모,내전,,280
209,2003,필리핀,필리핀 정부,CPP,정부/권력,소규모,내전,,231
209,2004,필리핀,필리핀 정부,CPP,정부/권력,소규모,내전,,270
209,2005,필리핀,필리핀 정부,CPP,정부/권력,소규모,내전,,234
209,2006,필리핀,필리핀 정부,CPP,정부/권력,소규모,내전,,310
209,2007,필리핀,필리핀 정부,CPP,정부/권력,소규모,내전,,132
209,2008,필리핀,필리핀 정부,CPP,정부/권력,소규모,내전,,184
209,2009,필리핀,필리핀 정부,CPP,정부/권력,소규모,내전,,377
209,2010,필리핀,필리핀 정부,CPP,정부/권력,소규모,내전,,258
209,2011,필리핀,필리핀 정부,CPP,정부/권력,소규모,내전,,204
209,2012,필리핀,필리핀 정부,CPP,정부/권력,소규모,내전,,182
209,2013,필리핀,필리핀 정부,CPP,정부/권력,소규모,내전,,165
209,2014,필리핀,필리핀 정부,CPP,정부/권력,소규모,내전,,190
209,2015,필리핀,필리핀 정부,CPP,정부/권력,소규모,내전,,168
209,2016,필리핀,필리핀 정부,CPP,정부/권력,소규모,내전,,92
209,2017,필리핀,필리핀 정부,CPP,정부/권력,소규모,내전,,177
209,2018,필리핀,필리핀 정부,CPP,정부/권력,소규모,내전,,144
209,2019,필리핀,필리핀 정부,CPP,정부/권력,소규모,내전,,138
209,2020,필리핀,필리핀 정부,CPP,정부/권력,소규모,내전,,165
209,2021,필리핀,필리핀 정부,CPP,정부/권력,소규모,내전,,195
209,2022,필리핀,필리핀 정부,CPP,정부/권력,소규모,내전,,166
209,2023,필리핀,필리핀 정부,CPP,정부/권력,소규모,내전,,164
209,2024,필리핀,필리핀 정부,CPP,정부/권력,소규모,내전,,133
218,1989,"인도, 파키스탄",인도 정부,파키스탄 정부,영토,소규모,국가간,,25
218,1990,"인도, 파키스탄",인도 정부,파키스탄 정부,영토,소규모,국가간,,28
218,1991,"인도, 파키스탄",인도 정부,파키스탄 정부,영토,소규모,국가간,,99
218,1992,"인도, 파키스탄",인도 정부,파키스탄 정부,영토,소규모,국가간,,25
218,1994,"인도, 파키스탄",인도 정부,파키스탄 정부,영토,소규모,국가간,,42
218,1996,"인도, 파키스탄",인도 정부,파키스탄 정부,영토,소규모,국가간,,35
218,1997,"인도, 파키스탄",인도 정부,파키스탄 정부,영토,소규모,국가간,,127
218,1998,"인도, 파키스탄",인도 정부,파키스탄 정부,영토,소규모,국가간,,147
218,1999,"인도, 파키스탄",인도 정부,파키스탄 정부,영토,소규모,국가간,,934
218,2000,"인도, 파키스탄",인도 정부,파키스탄 정부,영토,소규모,국가간,,225
218,2001,"인도, 파키스탄",인도 정부,파키스탄 정부,영토,소규모,국가간,,48
218,2002,"인도, 파키스탄",인도 정부,파키스탄 정부,영토,소규모,국가간,,212
218,2003,"인도, 파키스탄",인도 정부,파키스탄 정부,영토,소규모,국가간,,237
218,2013,"인도, 파키스탄",인도 정부,파키스탄 정부,영토,소규모,국가간,,31
218,2014,"인도, 파키스탄",인도 정부,파키스탄 정부,영토,소규모,국가간,,49
218,2015,"인도, 파키스탄",인도 정부,파키스탄 정부,영토,소규모,국가간,,63
218,2016,"인도, 파키스탄",인도 정부,파키스탄 정부,영토,소규모,국가간,,100
218,2017,"인도, 파키스탄",인도 정부,파키스탄 정부,영토,소규모,국가간,,151
218,2018,"인도, 파키스탄",인도 정부,파키스탄 정부,영토,소규모,국가간,,129
218,2019,"인도, 파키스탄",인도 정부,파키스탄 정부,영토,소규모,국가간,,164
218,2020,"인도, 파키스탄",인도 정부,파키스탄 정부,영토,소규모,국가간,,162
220,1989,파라과이,파라과이 정부,Military faction (forces of Andres Rodriguez),정부/권력,소규모,내전,,150
221,1989,미얀마,미얀마 정부,KNU,영토,전면전,내전,,1304
221,1990,미얀마,미얀마 정부,KNU,영토,소규모,내전,,393
221,1991,미얀마,미얀마 정부,KNU,영토,소규모,내전,,552
221,1992,미얀마,미얀마 정부,KNU,영토,전면전,내전,,1163
221,1994,미얀마,미얀마 정부,KNU,영토,소규모,내전,,25
221,1995,미얀마,미얀마 정부,KNU,영토,소규모,내전,,110
221,1997,미얀마,미얀마 정부,KNU,영토,소규모,내전,,41
221,1998,미얀마,미얀마 정부,KNU,영토,소규모,내전,,36
221,2000,미얀마,미얀마 정부,"God's Army, KNU",영토,소규모,내전,,114
221,2001,미얀마,미얀마 정부,KNU,영토,소규모,내전,,36
221,2002,미얀마,미얀마 정부,KNU,영토,소규모,내전,,110
221,2003,미얀마,미얀마 정부,KNU,영토,소규모,내전,,38
221,2004,미얀마,미얀마 정부,KNU,영토,소규모,내전,,27
221,2005,미얀마,미얀마 정부,KNU,영토,소규모,내전,,42
221,2006,미얀마,미얀마 정부,KNU,영토,소규모,내전,,104
221,2007,미얀마,미얀마 정부,KNU,영토,소규모,내전,,104
221,2008,미얀마,미얀마 정부,KNU,영토,소규모,내전,,33
221,2009,미얀마,미얀마 정부,KNU,영토,소규모,내전,,63
221,2010,미얀마,미얀마 정부,"DKBA 5, KNU",영토,소규모,내전,,121
221,2011,미얀마,미얀마 정부,"DKBA 5, KNU",영토,소규모,내전,,334
221,2013,미얀마,미얀마 정부,DKBA 5,영토,소규모,내전,,41
221,2021,미얀마,미얀마 정부,KNU,영토,소규모,내전,,78
221,2022,미얀마,미얀마 정부,KNU,영토,소규모,내전,,241
221,2023,미얀마,미얀마 정부,KNU,영토,소규모,내전,,189
221,2024,미얀마,미얀마 정부,KNU,영토,소규모,내전,,165
222,1990,미얀마,미얀마 정부,ABSDF,정부/권력,소규모,내전,,25
222,1991,미얀마,미얀마 정부,ABSDF,정부/권력,소규모,내전,,25
222,1992,미얀마,미얀마 정부,ABSDF,정부/권력,소규모,내전,,25
222,1994,미얀마,미얀마 정부,ABSDF,정부/권력,소규모,내전,,25
222,2013,미얀마,미얀마 정부,PSLF,정부/권력,소규모,내전,,29
222,2014,미얀마,미얀마 정부,PSLF,정부/권력,소규모,내전,,37
222,2015,미얀마,미얀마 정부,PSLF,정부/권력,소규모,내전,,106
222,2017,미얀마,미얀마 정부,PSLF,정부/권력,소규모,내전,,46
222,2018,미얀마,미얀마 정부,PSLF,정부/권력,소규모,내전,,46
222,2019,미얀마,미얀마 정부,PSLF,정부/권력,소규모,내전,,49
222,2021,미얀마,미얀마 정부,NUG,정부/권력,소규모,내전,,684
222,2022,미얀마,미얀마 정부,"NUG, PSLF",정부/권력,전면전,내전,,1313
222,2023,미얀마,미얀마 정부,"CNF, NUG, PSLF",정부/권력,전면전,내전,,1682
222,2024,미얀마,미얀마 정부,"NUG, PNLO, PSLF",정부/권력,전면전,내전,,1244
223,1991,미얀마,미얀마 정부,RSO,영토,소규모,내전,,25
223,1994,미얀마,미얀마 정부,RSO,영토,소규모,내전,,109
223,2016,미얀마,미얀마 정부,ARSA,영토,소규모,내전,,86
223,2017,미얀마,미얀마 정부,ARSA,영토,소규모,내전,,393
223,2018,미얀마,미얀마 정부,ULA,영토,소규모,내전,,27
223,2019,미얀마,미얀마 정부,ULA,영토,소규모,내전,,480
223,2020,미얀마,미얀마 정부,ULA,영토,소규모,내전,,170
223,2022,미얀마,미얀마 정부,ULA,영토,소규모,내전,,134
223,2023,미얀마,미얀마 정부,ULA,영토,소규모,내전,,80
223,2024,미얀마,미얀마 정부,ULA,영토,소규모,내전,,515
224,1990,미얀마,미얀마 정부,NMSP,영토,소규모,내전,,112
224,1996,미얀마,미얀마 정부,BMA,영토,소규모,내전,,80
227,1991,인도,인도 정부,PWG,정부/권력,소규모,내전,,78
227,1992,인도,인도 정부,PWG,정부/권력,소규모,내전,,322
227,1993,인도,인도 정부,PWG,정부/권력,소규모,내전,,182
227,1994,인도,인도 정부,PWG,정부/권력,소규모,내전,,68
227,1996,인도,인도 정부,PWG,정부/권력,소규모,내전,,173
227,1997,인도,인도 정부,PWG,정부/권력,소규모,내전,,84
227,1998,인도,인도 정부,PWG,정부/권력,소규모,내전,,99
227,1999,인도,인도 정부,"MCC, PWG",정부/권력,소규모,내전,,126
227,2000,인도,인도 정부,"CPI-ML-J, MCC, PWG",정부/권력,소규모,내전,,196
227,2001,인도,인도 정부,"MCC, PWG",정부/권력,소규모,내전,,173
227,2002,인도,인도 정부,"MCC, PWG",정부/권력,소규모,내전,,179
227,2003,인도,인도 정부,"MCC, PWG",정부/권력,소규모,내전,,99
227,2004,인도,인도 정부,"MCC, PWG",정부/권력,소규모,내전,,71
227,2005,인도,인도 정부,CPI-Maoist,정부/권력,소규모,내전,,199
227,2006,인도,인도 정부,CPI-Maoist,정부/권력,소규모,내전,,546
227,2007,인도,인도 정부,CPI-Maoist,정부/권력,소규모,내전,,377
227,2008,인도,인도 정부,CPI-Maoist,정부/권력,소규모,내전,,384
227,2009,인도,인도 정부,CPI-Maoist,정부/권력,소규모,내전,,522
227,2010,인도,인도 정부,CPI-Maoist,정부/권력,소규모,내전,,569
227,2011,인도,인도 정부,CPI-Maoist,정부/권력,소규모,내전,,299
227,2012,인도,인도 정부,CPI-Maoist,정부/권력,소규모,내전,,245
227,2013,인도,인도 정부,CPI-Maoist,정부/권력,소규모,내전,,215
227,2014,인도,인도 정부,CPI-Maoist,정부/권력,소규모,내전,,198
227,2015,인도,인도 정부,CPI-Maoist,정부/권력,소규모,내전,,146
227,2016,인도,인도 정부,CPI-Maoist,정부/권력,소규모,내전,,268
227,2017,인도,인도 정부,CPI-Maoist,정부/권력,소규모,내전,,245
227,2018,인도,인도 정부,CPI-Maoist,정부/권력,소규모,내전,,309
227,2019,인도,인도 정부,CPI-Maoist,정부/권력,소규모,내전,,216
227,2020,인도,인도 정부,CPI-Maoist,정부/권력,소규모,내전,,153
227,2021,인도,인도 정부,CPI-Maoist,정부/권력,소규모,내전,,181
227,2022,인도,인도 정부,CPI-Maoist,정부/권력,소규모,내전,,75
227,2023,인도,인도 정부,CPI-Maoist,정부/권력,소규모,내전,,96
227,2024,인도,인도 정부,CPI-Maoist,정부/권력,소규모,내전,,325
230,2009,예멘,예멘 정부,AQAP,정부/권력,소규모,국제화된 내전,,94
230,2010,예멘,예멘 정부,AQAP,정부/권력,소규모,국제화된 내전,,175
230,2011,예멘,예멘 정부,AQAP,정부/권력,전면전,국제화된 내전,,1143
230,2012,예멘,예멘 정부,AQAP,정부/권력,전면전,국제화된 내전,,2366
230,2013,예멘,예멘 정부,AQAP,정부/권력,소규모,국제화된 내전,,578
230,2014,예멘,예멘 정부,"Ansarallah, AQAP",정부/권력,전면전,국제화된 내전,,1826
230,2015,예멘,예멘 정부,"Ansarallah, AQAP, Forces of the Presidential Leadership Council",정부/권력,전면전,국제화된 내전,,7518
230,2016,예멘,예멘 정부,"AQAP, Forces of the Presidential Leadership Council",정부/권력,전면전,국제화된 내전,,3133
230,2017,예멘,예멘 정부,"AQAP, Forces of the Presidential Leadership Council, GPC",정부/권력,전면전,국제화된 내전,,3164
230,2018,예멘,예멘 정부,"AQAP, Forces of the Presidential Leadership Council",정부/권력,전면전,국제화된 내전,,4650
230,2019,예멘,예멘 정부,Forces of the Presidential Leadership Council,정부/권력,전면전,국제화된 내전,,2634
230,2020,예멘,예멘 정부,Forces of the Presidential Leadership Council,정부/권력,전면전,국제화된 내전,,6260
230,2021,예멘,예멘 정부,Forces of the Presidential Leadership Council,정부/권력,전면전,국제화된 내전,,23357
230,2022,예멘,예멘 정부,Forces of the Presidential Leadership Council,정부/권력,전면전,국제화된 내전,,2920
230,2023,예멘,예멘 정부,Forces of the Presidential Leadership Council,정부/권력,소규모,국제화된 내전,,804
230,2024,예멘,예멘 정부,Forces of the Presidential Leadership Council,정부/권력,소규모,국제화된 내전,,779
231,1989,미얀마,미얀마 정부,KIO,영토,소규모,내전,,194
231,1990,미얀마,미얀마 정부,KIO,영토,소규모,내전,,25
231,1991,미얀마,미얀마 정부,KIO,영토,소규모,내전,,25
231,1992,미얀마,미얀마 정부,KIO,영토,소규모,내전,,25
231,2011,미얀마,미얀마 정부,KIO,영토,소규모,내전,,209
231,2012,미얀마,미얀마 정부,KIO,영토,소규모,내전,,702
231,2013,미얀마,미얀마 정부,KIO,영토,소규모,내전,,125
231,2014,미얀마,미얀마 정부,KIO,영토,소규모,내전,,83
231,2015,미얀마,미얀마 정부,KIO,영토,소규모,내전,,142
231,2016,미얀마,미얀마 정부,KIO,영토,소규모,내전,,32
231,2017,미얀마,미얀마 정부,KIO,영토,소규모,내전,,43
231,2018,미얀마,미얀마 정부,KIO,영토,소규모,내전,,26
231,2019,미얀마,미얀마 정부,KIO,영토,소규모,내전,,29
231,2021,미얀마,미얀마 정부,KIO,영토,소규모,내전,,136
231,2022,미얀마,미얀마 정부,KIO,영토,소규모,내전,,276
231,2023,미얀마,미얀마 정부,KIO,영토,소규모,내전,,292
231,2024,미얀마,미얀마 정부,KIO,영토,소규모,내전,,283
233,1989,과테말라,과테말라 정부,URNG,정부/권력,소규모,내전,,82
233,1990,과테말라,과테말라 정부,URNG,정부/권력,소규모,내전,,83
233,1991,과테말라,과테말라 정부,URNG,정부/권력,소규모,내전,,72
233,1992,과테말라,과테말라 정부,URNG,정부/권력,소규모,내전,,67
233,1993,과테말라,과테말라 정부,URNG,정부/권력,소규모,내전,,58
233,1994,과테말라,과테말라 정부,URNG,정부/권력,소규모,내전,,37
233,1995,과테말라,과테말라 정부,URNG,정부/권력,소규모,내전,,27
234,1989,이스라엘,이스라엘 정부,"PFLP, PFLP-GC",영토,소규모,내전,,54
234,1990,이스라엘,이스라엘 정부,Fatah,영토,소규모,내전,,29
234,1991,이스라엘,이스라엘 정부,Fatah,영토,소규모,내전,,28
234,1992,이스라엘,이스라엘 정부,Fatah,영토,소규모,내전,,33
234,1993,이스라엘,이스라엘 정부,Hamas,영토,소규모,내전,,47
234,1994,이스라엘,이스라엘 정부,Hamas,영토,소규모,내전,,44
234,1995,이스라엘,이스라엘 정부,PIJ,영토,소규모,내전,,34
234,1996,이스라엘,이스라엘 정부,PNA,영토,소규모,내전,,66
234,2000,이스라엘,이스라엘 정부,"Fatah, PNA",영토,소규모,내전,,77
234,2001,이스라엘,이스라엘 정부,"Fatah, Hamas, PFLP, PIJ, PNA",영토,소규모,내전,,244
234,2002,이스라엘,이스라엘 정부,"AMB, Fatah, Hamas, PIJ, PNA",영토,소규모,내전,,613
234,2003,이스라엘,이스라엘 정부,"AMB, Hamas, PIJ",영토,소규모,내전,,308
234,2004,이스라엘,이스라엘 정부,"AMB, Hamas, PIJ",영토,소규모,내전,,386
234,2005,이스라엘,이스라엘 정부,"Fatah, Hamas, PIJ",영토,소규모,내전,,123
234,2006,이스라엘,이스라엘 정부,"Fatah, Hamas, PIJ, PRC",영토,소규모,내전,,407
234,2007,이스라엘,이스라엘 정부,"Fatah, Hamas, PIJ",영토,소규모,내전,,276
234,2008,이스라엘,이스라엘 정부,"Hamas, PIJ",영토,소규모,내전,,668
234,2009,이스라엘,이스라엘 정부,"Hamas, PIJ",영토,소규모,내전,,696
234,2010,이스라엘,이스라엘 정부,PIJ,영토,소규모,내전,,27
234,2011,이스라엘,이스라엘 정부,"Hamas, PIJ",영토,소규모,내전,,78
234,2012,이스라엘,이스라엘 정부,"Hamas, PIJ",영토,소규모,내전,,235
234,2014,이스라엘,이스라엘 정부,"Hamas, PIJ",영토,전면전,내전,,2378
234,2018,이스라엘,이스라엘 정부,Hamas,영토,소규모,내전,,53
234,2019,이스라엘,이스라엘 정부,PIJ,영토,소규모,내전,,50
234,2021,이스라엘,이스라엘 정부,"Hamas, PIJ",영토,소규모,내전,,269
234,2022,이스라엘,이스라엘 정부,"Fatah, PIJ",영토,소규모,내전,,84
234,2023,이스라엘,이스라엘 정부,"Fatah, Hamas, PIJ",영토,전면전,국제화된 내전,,26696
234,2024,이스라엘,이스라엘 정부,"Fatah, Hamas, PIJ",영토,전면전,국제화된 내전,,21465
251,1992,인도,인도 정부,NSCN-IM,영토,소규모,내전,,47
251,1993,인도,인도 정부,NSCN-IM,영토,소규모,내전,,92
251,1994,인도,인도 정부,NSCN-IM,영토,소규모,내전,,60
251,1995,인도,인도 정부,NSCN-IM,영토,소규모,내전,,95
251,1996,인도,인도 정부,NSCN-IM,영토,소규모,내전,,40
251,1997,인도,인도 정부,NSCN-IM,영토,소규모,내전,,37
251,2000,인도,인도 정부,NSCN-IM,영토,소규모,내전,,30
253,1992,미얀마,미얀마 정부,KNPP,영토,소규모,내전,,404
253,1996,미얀마,미얀마 정부,KNPP,영토,소규모,내전,,124
253,2005,미얀마,미얀마 정부,KNPP,영토,소규모,내전,,35
253,2021,미얀마,미얀마 정부,KNPP,영토,소규모,내전,,62
253,2022,미얀마,미얀마 정부,KNPP,영토,소규모,내전,,74
253,2023,미얀마,미얀마 정부,KNPP,영토,소규모,내전,,150
253,2024,미얀마,미얀마 정부,KNPP,영토,소규모,내전,,28
259,1991,이라크,이라크 정부,SCIRI,정부/권력,소규모,내전,,237
259,1992,이라크,이라크 정부,SCIRI,정부/권력,소규모,내전,,280
259,1993,이라크,이라크 정부,SCIRI,정부/권력,소규모,내전,,75
259,1994,이라크,이라크 정부,SCIRI,정부/권력,소규모,내전,,34
259,1995,이라크,이라크 정부,SCIRI,정부/권력,소규모,내전,,325
259,1996,이라크,이라크 정부,SCIRI,정부/권력,소규모,내전,,42
259,2004,이라크,이라크 정부,"al-Mahdi Army, Ansar al-Islam, IS",정부/권력,전면전,국제화된 내전,,4094
259,2005,이라크,이라크 정부,"Ansar al-Islam, IS, RJF",정부/권력,전면전,국제화된 내전,,2608
259,2006,이라크,이라크 정부,"Ansar al-Islam, IS, RJF",정부/권력,전면전,국제화된 내전,,3923
259,2007,이라크,이라크 정부,"al-Mahdi Army, Ansar al-Islam, IS, RJF",정부/권력,전면전,국제화된 내전,,2212
259,2008,이라크,이라크 정부,"al-Mahdi Army, IS",정부/권력,전면전,국제화된 내전,,2112
259,2009,이라크,이라크 정부,IS,정부/권력,전면전,국제화된 내전,,1036
259,2010,이라크,이라크 정부,IS,정부/권력,소규모,국제화된 내전,,989
259,2011,이라크,이라크 정부,"Ansar al-Islam, IS",정부/권력,소규모,국제화된 내전,,864
259,2012,이라크,이라크 정부,IS,정부/권력,소규모,내전,,565
259,2013,이라크,이라크 정부,IS,정부/권력,전면전,내전,,1870
259,2014,이라크,이라크 정부,IS,정부/권력,전면전,국제화된 내전,,13797
259,2015,이라크,이라크 정부,IS,정부/권력,전면전,국제화된 내전,,10982
259,2016,이라크,이라크 정부,IS,정부/권력,전면전,국제화된 내전,,9775
259,2017,이라크,이라크 정부,IS,정부/권력,전면전,국제화된 내전,,10012
259,2018,이라크,이라크 정부,IS,정부/권력,소규모,국제화된 내전,,866
259,2019,이라크,이라크 정부,IS,정부/권력,소규모,국제화된 내전,,498
259,2020,이라크,이라크 정부,IS,정부/권력,소규모,국제화된 내전,,674
259,2021,이라크,이라크 정부,IS,정부/권력,소규모,국제화된 내전,,707
259,2022,이라크,이라크 정부,IS,정부/권력,소규모,국제화된 내전,,340
259,2023,이라크,이라크 정부,IS,정부/권력,소규모,국제화된 내전,,203
259,2024,이라크,이라크 정부,IS,정부/권력,소규모,국제화된 내전,,217
260,1989,레바논,레바논 정부,"Forces of Michel Aoun, Lebanese Forces",정부/권력,소규모,국제화된 내전,,711
260,1990,레바논,레바논 정부,Forces of Michel Aoun,정부/권력,소규모,국제화된 내전,,700
262,1989,라오스,라오스 정부,LRM,정부/권력,소규모,내전,,30
262,1990,라오스,라오스 정부,LRM,정부/권력,소규모,내전,,249
264,1993,미얀마,미얀마 정부,MTA,영토,소규모,내전,,130
264,1994,미얀마,미얀마 정부,MTA,영토,소규모,내전,,526
264,1995,미얀마,미얀마 정부,MTA,영토,소규모,내전,,174
264,1996,미얀마,미얀마 정부,RCSS,영토,소규모,내전,,25
264,1997,미얀마,미얀마 정부,RCSS,영토,소규모,내전,,152
264,1998,미얀마,미얀마 정부,RCSS,영토,소규모,내전,,25
264,1999,미얀마,미얀마 정부,RCSS,영토,소규모,내전,,25
264,2000,미얀마,미얀마 정부,RCSS,영토,소규모,내전,,69
264,2001,미얀마,미얀마 정부,RCSS,영토,소규모,내전,,117
264,2002,미얀마,미얀마 정부,RCSS,영토,소규모,내전,,184
264,2005,미얀마,미얀마 정부,RCSS,영토,소규모,내전,,27
264,2006,미얀마,미얀마 정부,RCSS,영토,소규모,내전,,48
264,2007,미얀마,미얀마 정부,RCSS,영토,소규모,내전,,29
264,2008,미얀마,미얀마 정부,RCSS,영토,소규모,내전,,31
264,2009,미얀마,미얀마 정부,RCSS,영토,소규모,내전,,52
264,2010,미얀마,미얀마 정부,RCSS,영토,소규모,내전,,36
264,2011,미얀마,미얀마 정부,"RCSS, SSPP",영토,소규모,내전,,170
264,2013,미얀마,미얀마 정부,"RCSS, SSPP",영토,소규모,내전,,83
264,2015,미얀마,미얀마 정부,SSPP,영토,소규모,내전,,77
265,2013,DR Congo (Zaire),DR Congo (Zaire) 정부,Kata Katanga,영토,소규모,국제화된 내전,,94
265,2014,DR Congo (Zaire),DR Congo (Zaire) 정부,Kata Katanga,영토,소규모,국제화된 내전,,60
265,2020,DR Congo (Zaire),DR Congo (Zaire) 정부,Kata Katanga,영토,소규모,국제화된 내전,,54
267,1989,에티오피아,에티오피아 정부,"EPRDF, Military faction (forces of Amsha Desta and Merid Negusie)",정부/권력,전면전,내전,,18403
267,1990,에티오피아,에티오피아 정부,EPRDF,정부/권력,전면전,내전,,18985
267,1991,에티오피아,에티오피아 정부,"EPRDF, Forces of Harar garrison",정부/권력,전면전,내전,,4518
267,2020,에티오피아,에티오피아 정부,TPLF,정부/권력,전면전,국제화된 내전,,20888
267,2021,에티오피아,에티오피아 정부,TPLF,정부/권력,전면전,국제화된 내전,,124266
267,2022,에티오피아,에티오피아 정부,"GLF, TPLF",정부/권력,전면전,국제화된 내전,,162453
269,1996,네팔,네팔 정부,CPN-M,정부/권력,소규모,내전,,44
269,1997,네팔,네팔 정부,CPN-M,정부/권력,소규모,내전,,40
269,1998,네팔,네팔 정부,CPN-M,정부/권력,소규모,내전,,250
269,1999,네팔,네팔 정부,CPN-M,정부/권력,소규모,내전,,156
269,2000,네팔,네팔 정부,CPN-M,정부/권력,소규모,내전,,268
269,2001,네팔,네팔 정부,CPN-M,정부/권력,소규모,내전,,429
269,2002,네팔,네팔 정부,CPN-M,정부/권력,전면전,내전,,3946
269,2003,네팔,네팔 정부,CPN-M,정부/권력,전면전,내전,,1341
269,2004,네팔,네팔 정부,CPN-M,정부/권력,전면전,내전,,1880
269,2005,네팔,네팔 정부,CPN-M,정부/권력,전면전,내전,,1104
269,2006,네팔,네팔 정부,CPN-M,정부/권력,소규모,내전,,457
271,1989,이라크,이라크 정부,"KDP, PUK",영토,소규모,내전,,50
271,1990,이라크,이라크 정부,"KDP, PUK",영토,소규모,내전,,94
271,1991,이라크,이라크 정부,"KDP, PUK",영토,전면전,내전,,1247
271,1992,이라크,이라크 정부,PUK,영토,소규모,내전,,26
271,1995,이라크,이라크 정부,PUK,영토,소규모,내전,,262
271,1996,이라크,이라크 정부,PUK,영토,소규모,내전,,356
274,2020,"중국, 인도",중국 정부,인도 정부,영토,소규모,국가간,,25
275,1989,에티오피아,에티오피아 정부,EPLF,영토,전면전,내전,,5930
275,1990,에티오피아,에티오피아 정부,EPLF,영토,전면전,내전,,30633
275,1991,에티오피아,에티오피아 정부,EPLF,영토,전면전,내전,,6907
277,1992,베네수엘라,베네수엘라 정부,Military faction (forces of Hugo Chávez),정부/권력,소규모,내전,,144
283,1996,DR Congo (Zaire),DR Congo (Zaire) 정부,AFDL,정부/권력,전면전,국제화된 내전,,1288
283,1997,DR Congo (Zaire),DR Congo (Zaire) 정부,AFDL,정부/권력,전면전,국제화된 내전,,4465
283,1998,DR Congo (Zaire),DR Congo (Zaire) 정부,"MLC, RCD",정부/권력,전면전,국제화된 내전,,3343
283,1999,DR Congo (Zaire),DR Congo (Zaire) 정부,"MLC, RCD",정부/권력,전면전,국제화된 내전,,2953
283,2000,DR Congo (Zaire),DR Congo (Zaire) 정부,"MLC, RCD",정부/권력,전면전,국제화된 내전,,1294
283,2001,DR Congo (Zaire),DR Congo (Zaire) 정부,RCD,정부/권력,소규모,국제화된 내전,,454
283,2005,DR Congo (Zaire),DR Congo (Zaire) 정부,RNL,정부/권력,소규모,내전,,34
283,2006,DR Congo (Zaire),DR Congo (Zaire) 정부,CNDP,정부/권력,소규모,내전,,182
283,2007,DR Congo (Zaire),DR Congo (Zaire) 정부,CNDP,정부/권력,소규모,내전,,516
283,2008,DR Congo (Zaire),DR Congo (Zaire) 정부,CNDP,정부/권력,소규모,내전,,486
283,2011,DR Congo (Zaire),DR Congo (Zaire) 정부,CNPSC,정부/권력,소규모,내전,,82
283,2012,DR Congo (Zaire),DR Congo (Zaire) 정부,"CNPSC, M23, UPCP",정부/권력,소규모,국제화된 내전,,734
283,2013,DR Congo (Zaire),DR Congo (Zaire) 정부,"APCLS, Forces of Paul Joseph Mukungubila, M23",정부/권력,전면전,국제화된 내전,,1380
283,2014,DR Congo (Zaire),DR Congo (Zaire) 정부,"APCLS, CNPSC",정부/권력,소규모,국제화된 내전,,86
283,2016,DR Congo (Zaire),DR Congo (Zaire) 정부,"Kamuina Nsapu, RNL",정부/권력,소규모,내전,,506
283,2017,DR Congo (Zaire),DR Congo (Zaire) 정부,"CNPSC, Kamuina Nsapu, M23, MNR",정부/권력,전면전,국제화된 내전,,3309
283,2018,DR Congo (Zaire),DR Congo (Zaire) 정부,"CMC, CNPSC, Kamuina Nsapu, UPLC",정부/권력,소규모,국제화된 내전,,439
283,2019,DR Congo (Zaire),DR Congo (Zaire) 정부,"CMC, CNPSC, UPLC",정부/권력,소규모,국제화된 내전,,179
283,2020,DR Congo (Zaire),DR Congo (Zaire) 정부,"APCLS, CMC, CNPSC",정부/권력,소규모,국제화된 내전,,224
283,2021,DR Congo (Zaire),DR Congo (Zaire) 정부,"APCLS, CMC, CNPSC, M23, RNL",정부/권력,소규모,국제화된 내전,,401
283,2022,DR Congo (Zaire),DR Congo (Zaire) 정부,"CNPSC, FABB, M23, Mayi Mayi Kyandenga, RNL",정부/권력,소규모,국제화된 내전,,544
283,2023,DR Congo (Zaire),DR Congo (Zaire) 정부,M23,정부/권력,소규모,국제화된 내전,,202
283,2024,DR Congo (Zaire),DR Congo (Zaire) 정부,AFC,정부/권력,소규모,국제화된 내전,,904
287,1991,부룬디,부룬디 정부,Palipehutu,정부/권력,소규모,내전,,272
287,1992,부룬디,부룬디 정부,Palipehutu,정부/권력,소규모,내전,,61
287,1994,부룬디,부룬디 정부,CNDD,정부/권력,소규모,내전,,56
287,1995,부룬디,부룬디 정부,"CNDD, Palipehutu-FNL",정부/권력,소규모,내전,,382
287,1996,부룬디,부룬디 정부,"CNDD, Palipehutu-FNL",정부/권력,소규모,내전,,987
287,1997,부룬디,부룬디 정부,"CNDD, Frolina, Palipehutu-FNL",정부/권력,전면전,내전,,1159
287,1998,부룬디,부룬디 정부,"CNDD, CNDD-FDD, Palipehutu-FNL",정부/권력,소규모,내전,,843
287,1999,부룬디,부룬디 정부,"CNDD-FDD, Palipehutu-FNL",정부/권력,소규모,내전,,781
287,2000,부룬디,부룬디 정부,"CNDD-FDD, Palipehutu-FNL",정부/권력,전면전,내전,,1529
287,2001,부룬디,부룬디 정부,"CNDD-FDD, Palipehutu-FNL",정부/권력,전면전,내전,,1246
287,2002,부룬디,부룬디 정부,"CNDD-FDD, Palipehutu-FNL",정부/권력,전면전,내전,,1293
287,2003,부룬디,부룬디 정부,"CNDD-FDD, Palipehutu-FNL",정부/권력,소규모,내전,,912
287,2004,부룬디,부룬디 정부,Palipehutu-FNL,정부/권력,소규모,내전,,433
287,2005,부룬디,부룬디 정부,Palipehutu-FNL,정부/권력,소규모,내전,,298
287,2006,부룬디,부룬디 정부,Palipehutu-FNL,정부/권력,소규모,내전,,141
287,2008,부룬디,부룬디 정부,Palipehutu-FNL,정부/권력,소규모,내전,,226
287,2014,부룬디,부룬디 정부,RED-TABARA,정부/권력,소규모,내전,,56
287,2015,부룬디,부룬디 정부,"FPB, Military faction (forces of Godefroid Niyombare), RED-TABARA",정부/권력,소규모,내전,,185
287,2019,부룬디,부룬디 정부,RED-TABARA,정부/권력,소규모,국제화된 내전,,61
287,2020,부룬디,부룬디 정부,"FNL-Ubugabo-Burihabwa, RED-TABARA",정부/권력,소규모,국제화된 내전,,139
287,2021,부룬디,부룬디 정부,RED-TABARA,정부/권력,소규모,국제화된 내전,,26
287,2022,부룬디,부룬디 정부,"FNL-Ubugabo-Burihabwa, RED-TABARA",정부/권력,소규모,국제화된 내전,,242
287,2023,부룬디,부룬디 정부,RED-TABARA,정부/권력,소규모,국제화된 내전,,93
287,2024,부룬디,부룬디 정부,RED-TABARA,정부/권력,소규모,국제화된 내전,,60
288,1989,차드,차드 정부,"Islamic Legion, MOSANAT, Revolutionary Forces of 1 April",정부/권력,소규모,내전,,315
288,1990,차드,차드 정부,"Islamic Legion, MPS",정부/권력,전면전,내전,,1352
288,1991,차드,차드 정부,"MDD, Military faction (forces of Maldoum Bada Abbas)",정부/권력,소규모,내전,,68
288,1992,차드,차드 정부,"CNR, CSNPD, FNT, MDD",정부/권력,소규모,내전,,899
288,1993,차드,차드 정부,"CNR, CSNPD, FNT, MDD",정부/권력,소규모,내전,,120
288,1994,차드,차드 정부,"CNR, CSNPD, FNT",정부/권력,소규모,내전,,156
288,1997,차드,차드 정부,"FARF, MDD",정부/권력,소규모,내전,,97
288,1998,차드,차드 정부,FARF,정부/권력,소규모,내전,,34
288,1999,차드,차드 정부,MDJT,정부/권력,소규모,내전,,394
288,2000,차드,차드 정부,MDJT,정부/권력,전면전,내전,,989
288,2001,차드,차드 정부,MDJT,정부/권력,소규모,내전,,226
288,2002,차드,차드 정부,MDJT,정부/권력,소규모,내전,,294
288,2003,차드,차드 정부,MDJT,정부/권력,소규모,내전,,37
288,2005,차드,차드 정부,FUCD,정부/권력,소규모,내전,,100
288,2006,차드,차드 정부,"FUCD, RAFD, UFDD",정부/권력,전면전,내전,,1250
288,2007,차드,차드 정부,UFDD,정부/권력,소규모,내전,,69
288,2008,차드,차드 정부,AN,정부/권력,소규모,내전,,991
288,2009,차드,차드 정부,UFR,정부/권력,소규모,내전,,131
288,2010,차드,차드 정부,FPRN,정부/권력,소규모,내전,,42
288,2018,차드,차드 정부,CCMSR,정부/권력,소규모,내전,,42
288,2020,차드,차드 정부,CCMSR,정부/권력,소규모,내전,,53
288,2021,차드,차드 정부,FACT,정부/권력,소규모,내전,,431
288,2023,차드,차드 정부,CCMSR,정부/권력,소규모,내전,,61
289,1989,콜롬비아,콜롬비아 정부,"ELN, EPL, FARC",정부/권력,소규모,내전,,238
289,1990,콜롬비아,콜롬비아 정부,"ELN, EPL, FARC",정부/권력,소규모,내전,,501
289,1991,콜롬비아,콜롬비아 정부,"ELN, FARC",정부/권력,소규모,내전,,725
289,1992,콜롬비아,콜롬비아 정부,"ELN, FARC",정부/권력,전면전,내전,,1479
289,1993,콜롬비아,콜롬비아 정부,"ELN, FARC",정부/권력,소규모,내전,,182
289,1994,콜롬비아,콜롬비아 정부,"ELN, FARC",정부/권력,전면전,내전,,1123
289,1995,콜롬비아,콜롬비아 정부,"ELN, FARC",정부/권력,소규모,내전,,823
289,1996,콜롬비아,콜롬비아 정부,"ELN, FARC",정부/권력,전면전,내전,,1192
289,1997,콜롬비아,콜롬비아 정부,"ELN, FARC",정부/권력,소규모,내전,,560
289,1998,콜롬비아,콜롬비아 정부,"ELN, FARC",정부/권력,소규모,내전,,939
289,1999,콜롬비아,콜롬비아 정부,"ELN, FARC",정부/권력,전면전,내전,,1578
289,2000,콜롬비아,콜롬비아 정부,"ELN, EPL - Megateo, FARC",정부/권력,전면전,내전,,1879
289,2001,콜롬비아,콜롬비아 정부,"ELN, FARC",정부/권력,전면전,내전,,1864
289,2002,콜롬비아,콜롬비아 정부,"ELN, EPL - Megateo, FARC",정부/권력,전면전,내전,,3387
289,2003,콜롬비아,콜롬비아 정부,"ELN, FARC",정부/권력,전면전,내전,,2086
289,2004,콜롬비아,콜롬비아 정부,"ELN, EPL - Megateo, FARC",정부/권력,전면전,내전,,1360
289,2005,콜롬비아,콜롬비아 정부,"ELN, FARC",정부/권력,전면전,내전,,1561
289,2006,콜롬비아,콜롬비아 정부,"ELN, FARC",정부/권력,소규모,내전,,503
289,2007,콜롬비아,콜롬비아 정부,FARC,정부/권력,소규모,내전,,318
289,2008,콜롬비아,콜롬비아 정부,"ELN, FARC",정부/권력,소규모,내전,,282
289,2009,콜롬비아,콜롬비아 정부,FARC,정부/권력,소규모,내전,,379
289,2010,콜롬비아,콜롬비아 정부,"ELN, FARC",정부/권력,소규모,내전,,419
289,2011,콜롬비아,콜롬비아 정부,FARC,정부/권력,소규모,내전,,202
289,2012,콜롬비아,콜롬비아 정부,FARC,정부/권력,소규모,내전,,211
289,2013,콜롬비아,콜롬비아 정부,"ELN, FARC",정부/권력,소규모,내전,,140
289,2014,콜롬비아,콜롬비아 정부,FARC,정부/권력,소규모,내전,,119
289,2015,콜롬비아,콜롬비아 정부,"ELN, FARC",정부/권력,소규모,내전,,134
289,2016,콜롬비아,콜롬비아 정부,ELN,정부/권력,소규모,내전,,30
289,2018,콜롬비아,콜롬비아 정부,"ELN, FARC-EMC",정부/권력,소규모,내전,,131
289,2019,콜롬비아,콜롬비아 정부,"ELN, FARC-EMC",정부/권력,소규모,내전,,117
289,2020,콜롬비아,콜롬비아 정부,FARC-EMC,정부/권력,소규모,내전,,28
289,2021,콜롬비아,콜롬비아 정부,"ELN, FARC-EMC",정부/권력,소규모,내전,,113
289,2022,콜롬비아,콜롬비아 정부,"ELN, FARC-EMC",정부/권력,소규모,내전,,122
289,2023,콜롬비아,콜롬비아 정부,"ELN, FARC-EMC",정부/권력,소규모,내전,,89
289,2024,콜롬비아,콜롬비아 정부,"ELN, FARC - Segunda Marquetalia, FARC-EMC",정부/권력,소규모,내전,,225
291,2018,인도네시아,인도네시아 정부,OPM,영토,소규모,내전,,28
291,2019,인도네시아,인도네시아 정부,OPM,영토,소규모,내전,,34
291,2020,인도네시아,인도네시아 정부,OPM,영토,소규모,내전,,31
291,2021,인도네시아,인도네시아 정부,OPM,영토,소규모,내전,,51
291,2022,인도네시아,인도네시아 정부,OPM,영토,소규모,내전,,46
291,2023,인도네시아,인도네시아 정부,OPM,영토,소규모,내전,,59
291,2024,인도네시아,인도네시아 정부,OPM,영토,소규모,내전,,57
292,1989,페루,페루 정부,"MRTA, Sendero Luminoso",정부/권력,전면전,내전,,1827
292,1990,페루,페루 정부,"MRTA, Sendero Luminoso",정부/권력,전면전,내전,,1099
292,1991,페루,페루 정부,"MRTA, Sendero Luminoso",정부/권력,전면전,내전,,1138
292,1992,페루,페루 정부,"MRTA, Sendero Luminoso",정부/권력,전면전,내전,,1042
292,1993,페루,페루 정부,"MRTA, Sendero Luminoso",정부/권력,소규모,내전,,672
292,1994,페루,페루 정부,Sendero Luminoso,정부/권력,소규모,내전,,253
292,1995,페루,페루 정부,Sendero Luminoso,정부/권력,소규모,내전,,178
292,1996,페루,페루 정부,Sendero Luminoso,정부/권력,소규모,내전,,80
292,1997,페루,페루 정부,Sendero Luminoso,정부/권력,소규모,내전,,93
292,1998,페루,페루 정부,Sendero Luminoso,정부/권력,소규모,내전,,25
292,1999,페루,페루 정부,Sendero Luminoso,정부/권력,소규모,내전,,75
292,2007,페루,페루 정부,Sendero Luminoso,정부/권력,소규모,내전,,32
292,2008,페루,페루 정부,Sendero Luminoso,정부/권력,소규모,내전,,40
292,2009,페루,페루 정부,Sendero Luminoso,정부/권력,소규모,내전,,50
292,2010,페루,페루 정부,Sendero Luminoso,정부/권력,소규모,내전,,28
294,2011,"Cambodia (Kampuchea), 태국",Cambodia (Kampuchea) 정부,태국 정부,영토,소규모,국가간,,29
297,2009,나이지리아,나이지리아 정부,JAS,정부/권력,소규모,내전,,405
297,2011,나이지리아,나이지리아 정부,JAS,정부/권력,소규모,내전,,325
297,2012,나이지리아,나이지리아 정부,JAS,정부/권력,소규모,국제화된 내전,,811
297,2013,나이지리아,나이지리아 정부,JAS,정부/권력,전면전,국제화된 내전,,1629
297,2014,나이지리아,나이지리아 정부,JAS,정부/권력,전면전,국제화된 내전,,4788
297,2015,나이지리아,나이지리아 정부,JAS,정부/권력,전면전,국제화된 내전,,2703
297,2016,나이지리아,나이지리아 정부,JAS,정부/권력,소규모,국제화된 내전,,164
297,2017,나이지리아,나이지리아 정부,JAS,정부/권력,전면전,국제화된 내전,,1062
297,2018,나이지리아,나이지리아 정부,JAS,정부/권력,소규모,국제화된 내전,,335
297,2019,나이지리아,나이지리아 정부,JAS,정부/권력,소규모,국제화된 내전,,328
297,2020,나이지리아,나이지리아 정부,JAS,정부/권력,소규모,국제화된 내전,,465
297,2021,나이지리아,나이지리아 정부,JAS,정부/권력,소규모,국제화된 내전,,276
297,2022,나이지리아,나이지리아 정부,JAS,정부/권력,소규모,국제화된 내전,,428
297,2023,나이지리아,나이지리아 정부,JAS,정부/권력,소규모,국제화된 내전,,464
297,2024,나이지리아,나이지리아 정부,JAS,정부/권력,소규모,국제화된 내전,,222
298,1989,남아프리카공화국,남아프리카공화국 정부,SWAPO,영토,소규모,내전,,361
299,2011,시리아,시리아 정부,Syrian insurgents,정부/권력,전면전,내전,,1203
299,2012,시리아,시리아 정부,Syrian insurgents,정부/권력,전면전,내전,,50444
299,2013,시리아,시리아 정부,Syrian insurgents,정부/권력,전면전,내전,,70516
299,2014,시리아,시리아 정부,Syrian insurgents,정부/권력,전면전,내전,,57957
299,2015,시리아,시리아 정부,Syrian insurgents,정부/권력,전면전,국제화된 내전,,39715
299,2016,시리아,시리아 정부,Syrian insurgents,정부/권력,전면전,국제화된 내전,,32595
299,2017,시리아,시리아 정부,Syrian insurgents,정부/권력,전면전,국제화된 내전,,12206
299,2018,시리아,시리아 정부,Syrian insurgents,정부/권력,전면전,국제화된 내전,,8690
299,2019,시리아,시리아 정부,Syrian insurgents,정부/권력,전면전,국제화된 내전,,6856
299,2020,시리아,시리아 정부,Syrian insurgents,정부/권력,전면전,국제화된 내전,,3513
299,2021,시리아,시리아 정부,Syrian insurgents,정부/권력,소규모,국제화된 내전,,676
299,2022,시리아,시리아 정부,Syrian insurgents,정부/권력,소규모,국제화된 내전,,563
299,2023,시리아,시리아 정부,Syrian insurgents,정부/권력,전면전,국제화된 내전,,1001
299,2024,시리아,시리아 정부,Syrian insurgents,정부/권력,전면전,국제화된 내전,,1459
300,1989,Cambodia (Kampuchea),Cambodia (Kampuchea) 정부,"FUNCINPEC, KPNLF, KR",정부/권력,소규모,국제화된 내전,,818
300,1990,Cambodia (Kampuchea),Cambodia (Kampuchea) 정부,"KPNLF, KR",정부/권력,소규모,내전,,274
300,1991,Cambodia (Kampuchea),Cambodia (Kampuchea) 정부,"FUNCINPEC, KPNLF, KR",정부/권력,소규모,내전,,220
300,1992,Cambodia (Kampuchea),Cambodia (Kampuchea) 정부,KR,정부/권력,소규모,내전,,118
300,1993,Cambodia (Kampuchea),Cambodia (Kampuchea) 정부,KR,정부/권력,소규모,내전,,274
300,1994,Cambodia (Kampuchea),Cambodia (Kampuchea) 정부,KR,정부/권력,소규모,내전,,464
300,1995,Cambodia (Kampuchea),Cambodia (Kampuchea) 정부,KR,정부/권력,소규모,내전,,694
300,1996,Cambodia (Kampuchea),Cambodia (Kampuchea) 정부,KR,정부/권력,소규모,내전,,788
300,1997,Cambodia (Kampuchea),Cambodia (Kampuchea) 정부,"Forces of Norodom Ranariddh, KR, Military faction (Forces of Hun Sen)",정부/권력,소규모,내전,,415
300,1998,Cambodia (Kampuchea),Cambodia (Kampuchea) 정부,"Forces of Norodom Ranariddh, KR",정부/권력,소규모,내전,,246
303,2021,나이지리아,나이지리아 정부,IPOB,영토,소규모,내전,,129
303,2022,나이지리아,나이지리아 정부,IPOB,영토,소규모,내전,,83
303,2023,나이지리아,나이지리아 정부,IPOB,영토,소규모,국제화된 내전,,116
303,2024,나이지리아,나이지리아 정부,IPOB,영토,소규모,내전,,197
307,2000,기니,기니 정부,RFDG,정부/권력,소규모,내전,,217
307,2001,기니,기니 정부,RFDG,정부/권력,소규모,내전,,432
308,1989,필리핀,필리핀 정부,MNLF,영토,소규모,내전,,115
308,1990,필리핀,필리핀 정부,"MILF, MNLF",영토,소규모,내전,,141
308,1993,필리핀,필리핀 정부,"ASG, MNLF",영토,소규모,내전,,154
308,1994,필리핀,필리핀 정부,"ASG, MILF",영토,소규모,내전,,196
308,1995,필리핀,필리핀 정부,ASG,영토,소규모,내전,,116
308,1996,필리핀,필리핀 정부,"ASG, MILF",영토,소규모,내전,,180
308,1997,필리핀,필리핀 정부,"ASG, MILF",영토,소규모,내전,,270
308,1998,필리핀,필리핀 정부,"ASG, MILF",영토,소규모,내전,,93
308,1999,필리핀,필리핀 정부,MILF,영토,소규모,내전,,106
308,2000,필리핀,필리핀 정부,"ASG, MILF",영토,전면전,내전,,1427
308,2001,필리핀,필리핀 정부,"ASG, MILF, MNLF - NM",영토,소규모,내전,,859
308,2002,필리핀,필리핀 정부,"ASG, MILF",영토,소규모,내전,,382
308,2003,필리핀,필리핀 정부,"ASG, MILF",영토,소규모,내전,,820
308,2004,필리핀,필리핀 정부,"ASG, MILF",영토,소규모,내전,,69
308,2005,필리핀,필리핀 정부,"ASG, MILF, MNLF - NM",영토,소규모,내전,,236
308,2006,필리핀,필리핀 정부,ASG,영토,소규모,내전,,50
308,2007,필리핀,필리핀 정부,"ASG, MILF, MNLF - HM",영토,소규모,내전,,307
308,2008,필리핀,필리핀 정부,MILF,영토,소규모,내전,,297
308,2009,필리핀,필리핀 정부,"ASG, MILF",영토,소규모,내전,,517
308,2010,필리핀,필리핀 정부,ASG,영토,소규모,내전,,74
308,2011,필리핀,필리핀 정부,"ASG, MILF",영토,소규모,내전,,146
308,2012,필리핀,필리핀 정부,"ASG, BIFM",영토,소규모,내전,,113
308,2013,필리핀,필리핀 정부,"ASG, BIFM, MNLF - NM",영토,소규모,내전,,349
308,2014,필리핀,필리핀 정부,"ASG, BIFM",영토,소규모,내전,,280
308,2015,필리핀,필리핀 정부,"ASG, BIFM, MILF",영토,소규모,내전,,404
308,2016,필리핀,필리핀 정부,"al-Harakat al-Islamiyah, ASG, BIFM, Maute group",영토,소규모,내전,,303
308,2017,필리핀,필리핀 정부,ASG,영토,소규모,국제화된 내전,,84
308,2018,필리핀,필리핀 정부,"ASG, BIFM-K",영토,소규모,내전,,83
308,2019,필리핀,필리핀 정부,ASG,영토,소규모,내전,,35
308,2020,필리핀,필리핀 정부,ASG,영토,소규모,내전,,108
309,1989,수단,수단 정부,SPLM/A,정부/권력,전면전,내전,,4253
309,1990,수단,수단 정부,SPLM/A,정부/권력,전면전,내전,,4335
309,1991,수단,수단 정부,SPLM/A,정부/권력,전면전,내전,,1317
309,1992,수단,수단 정부,SPLM/A,정부/권력,전면전,내전,,1083
309,1993,수단,수단 정부,SPLM/A,정부/권력,소규모,내전,,942
309,1994,수단,수단 정부,SPLM/A,정부/권력,소규모,내전,,337
309,1995,수단,수단 정부,SPLM/A,정부/권력,전면전,내전,,1000
309,1996,수단,수단 정부,"NDA, SPLM/A",정부/권력,전면전,내전,,2289
309,1997,수단,수단 정부,"NDA, SPLM/A",정부/권력,전면전,내전,,3709
309,1998,수단,수단 정부,"NDA, SPLM/A",정부/권력,전면전,내전,,4891
309,1999,수단,수단 정부,"NDA, SPLM/A",정부/권력,전면전,내전,,1408
309,2000,수단,수단 정부,"NDA, SPLM/A",정부/권력,전면전,내전,,2841
309,2001,수단,수단 정부,"NDA, SPLM/A",정부/권력,전면전,내전,,3408
309,2002,수단,수단 정부,SPLM/A,정부/권력,전면전,내전,,2021
309,2003,수단,수단 정부,"JEM, SLM/A, SPLM/A",정부/권력,전면전,국제화된 내전,,1999
309,2004,수단,수단 정부,"JEM, SLM/A, SPLM/A",정부/권력,전면전,내전,,3278
309,2005,수단,수단 정부,SLM/A,정부/권력,소규모,내전,,161
309,2006,수단,수단 정부,"NRF, SLM/A, SLM/A - MM",정부/권력,전면전,내전,,1002
309,2007,수단,수단 정부,"JEM, SLFA",정부/권력,소규모,내전,,217
309,2008,수단,수단 정부,"JEM, SLFA, SLM/A",정부/권력,소규모,내전,,598
309,2009,수단,수단 정부,"JEM, SLM/A",정부/권력,소규모,내전,,353
309,2010,수단,수단 정부,"JEM, SLM/A, SSDM/A",정부/권력,전면전,내전,,1010
309,2011,수단,수단 정부,"JEM, SLM/A, SPLM/A-North, SRF, SSDM/A, SSLM/A",정부/권력,전면전,국제화된 내전,,1259
309,2012,수단,수단 정부,SRF,정부/권력,전면전,내전,,1173
309,2013,수단,수단 정부,SRF,정부/권력,소규모,내전,,594
309,2014,수단,수단 정부,"Darfur Joint Resistance Forces, SARC, SRF",정부/권력,소규모,내전,,856
309,2015,수단,수단 정부,"Darfur Joint Resistance Forces, SPLM/A-North, SRF",정부/권력,전면전,내전,,1264
309,2016,수단,수단 정부,"SPLM/A-North, SRF",정부/권력,전면전,내전,,1309
309,2017,수단,수단 정부,"SARC, SLM/A, SRF",정부/권력,소규모,내전,,160
309,2018,수단,수단 정부,SLM/A,정부/권력,소규모,내전,,243
309,2020,수단,수단 정부,SLM/A,정부/권력,소규모,내전,,45
309,2021,수단,수단 정부,SLM/A,정부/권력,소규모,내전,,31
309,2022,수단,수단 정부,SLM/A,정부/권력,소규모,내전,,47
309,2023,수단,수단 정부,"RSF, SPLM/A-North",정부/권력,전면전,내전,,5353
309,2024,수단,수단 정부,RSF,정부/권력,전면전,내전,,4684
313,1989,스리랑카,스리랑카 정부,JVP,정부/권력,소규모,내전,,388
313,1990,스리랑카,스리랑카 정부,JVP,정부/권력,소규모,내전,,61
314,1989,우간다,우간다 정부,"LRA, UPA",정부/권력,전면전,내전,,1019
314,1990,우간다,우간다 정부,"LRA, UPA",정부/권력,소규모,내전,,621
314,1991,우간다,우간다 정부,"LRA, UPA",정부/권력,소규모,내전,,853
314,1992,우간다,우간다 정부,UPA,정부/권력,소규모,내전,,72
314,1994,우간다,우간다 정부,LRA,정부/권력,소규모,내전,,149
314,1995,우간다,우간다 정부,LRA,정부/권력,소규모,내전,,295
314,1996,우간다,우간다 정부,"ADF, LRA, WNBF",정부/권력,전면전,내전,,1268
314,1997,우간다,우간다 정부,"ADF, LRA, UNRF II",정부/권력,소규모,내전,,888
314,1998,우간다,우간다 정부,"ADF, LRA",정부/권력,소규모,내전,,835
314,1999,우간다,우간다 정부,ADF,정부/권력,소규모,내전,,355
314,2000,우간다,우간다 정부,"ADF, LRA",정부/권력,소규모,내전,,388
314,2001,우간다,우간다 정부,"ADF, LRA",정부/권력,소규모,내전,,189
314,2002,우간다,우간다 정부,"ADF, LRA",정부/권력,전면전,내전,,1086
314,2003,우간다,우간다 정부,LRA,정부/권력,소규모,내전,,642
314,2004,우간다,우간다 정부,LRA,정부/권력,전면전,내전,,1610
314,2005,우간다,우간다 정부,LRA,정부/권력,소규모,국제화된 내전,,695
314,2006,우간다,우간다 정부,LRA,정부/권력,소규모,내전,,221
314,2007,우간다,우간다 정부,ADF,정부/권력,소규모,내전,,91
314,2008,우간다,우간다 정부,LRA,정부/권력,소규모,국제화된 내전,,53
314,2009,우간다,우간다 정부,LRA,정부/권력,소규모,국제화된 내전,,238
314,2010,우간다,우간다 정부,"ADF, LRA",정부/권력,소규모,국제화된 내전,,120
314,2011,우간다,우간다 정부,"ADF, LRA",정부/권력,소규모,국제화된 내전,,136
314,2013,우간다,우간다 정부,"ADF, LRA",정부/권력,소규모,국제화된 내전,,100
314,2014,우간다,우간다 정부,"ADF, LRA",정부/권력,소규모,국제화된 내전,,864
314,2015,우간다,우간다 정부,ADF,정부/권력,소규모,국제화된 내전,,197
314,2016,우간다,우간다 정부,ADF,정부/권력,소규모,국제화된 내전,,152
314,2017,우간다,우간다 정부,ADF,정부/권력,소규모,국제화된 내전,,141
315,1989,영국,영국 정부,PIRA,영토,소규모,내전,,38
315,1990,영국,영국 정부,PIRA,영토,소규모,내전,,44
315,1991,영국,영국 정부,PIRA,영토,소규모,내전,,26
315,1998,영국,영국 정부,RIRA,영토,소규모,내전,,29
316,1989,엘살바도르,엘살바도르 정부,FMLN,정부/권력,전면전,내전,,4924
316,1990,엘살바도르,엘살바도르 정부,FMLN,정부/권력,소규모,내전,,849
316,1991,엘살바도르,엘살바도르 정부,FMLN,정부/권력,소규모,내전,,88
322,1989,방글라데시,방글라데시 정부,PCJSS,영토,소규모,내전,,26
322,1990,방글라데시,방글라데시 정부,PCJSS,영토,소규모,내전,,45
322,1991,방글라데시,방글라데시 정부,PCJSS,영토,소규모,내전,,25
325,2004,파키스탄,파키스탄 정부,BLA,영토,소규모,내전,,43
325,2006,파키스탄,파키스탄 정부,"Baloch Ittehad, BLA",영토,소규모,내전,,200
325,2007,파키스탄,파키스탄 정부,BLA,영토,소규모,내전,,83
325,2008,파키스탄,파키스탄 정부,"BLA, BRA",영토,소규모,내전,,197
325,2009,파키스탄,파키스탄 정부,"BLA, BRA",영토,소규모,내전,,81
325,2011,파키스탄,파키스탄 정부,BLA,영토,소규모,내전,,42
325,2012,파키스탄,파키스탄 정부,"BLA, BLF, BRA",영토,소규모,내전,,118
325,2013,파키스탄,파키스탄 정부,BLA,영토,소규모,내전,,45
325,2014,파키스탄,파키스탄 정부,"BLA, BRA",영토,소규모,내전,,90
325,2015,파키스탄,파키스탄 정부,"BLA, BLF, BRA",영토,소규모,내전,,107
325,2016,파키스탄,파키스탄 정부,"BLA, UBA",영토,소규모,내전,,94
325,2019,파키스탄,파키스탄 정부,BRAS,영토,소규모,내전,,37
325,2020,파키스탄,파키스탄 정부,BRAS,영토,소규모,내전,,120
325,2021,파키스탄,파키스탄 정부,BRAS,영토,소규모,내전,,129
325,2022,파키스탄,파키스탄 정부,BRAS,영토,소규모,내전,,154
325,2023,파키스탄,파키스탄 정부,BRAS,영토,소규모,내전,,110
325,2024,파키스탄,파키스탄 정부,BRAS,영토,소규모,내전,,300
326,1997,에리트레아,에리트레아 정부,EIJM - AS,정부/권력,소규모,내전,,31
326,1999,에리트레아,에리트레아 정부,EIJM - AS,정부/권력,소규모,내전,,25
326,2003,에리트레아,에리트레아 정부,EIJM - AS,정부/권력,소규모,내전,,57
327,1989,앙골라,앙골라 정부,UNITA,정부/권력,전면전,국제화된 내전,,2810
327,1990,앙골라,앙골라 정부,UNITA,정부/권력,전면전,내전,,2558
327,1991,앙골라,앙골라 정부,UNITA,정부/권력,소규모,내전,,491
327,1992,앙골라,앙골라 정부,UNITA,정부/권력,전면전,내전,,2321
327,1993,앙골라,앙골라 정부,UNITA,정부/권력,전면전,내전,,12054
327,1994,앙골라,앙골라 정부,UNITA,정부/권력,전면전,내전,,3925
327,1995,앙골라,앙골라 정부,UNITA,정부/권력,소규모,내전,,162
327,1998,앙골라,앙골라 정부,UNITA,정부/권력,전면전,내전,,1041
327,1999,앙골라,앙골라 정부,UNITA,정부/권력,전면전,국제화된 내전,,2273
327,2000,앙골라,앙골라 정부,UNITA,정부/권력,전면전,국제화된 내전,,1000
327,2001,앙골라,앙골라 정부,UNITA,정부/권력,전면전,국제화된 내전,,1123
327,2002,앙골라,앙골라 정부,UNITA,정부/권력,소규모,국제화된 내전,,465
329,1993,에티오피아,에티오피아 정부,AIAI,영토,소규모,내전,,36
329,1994,에티오피아,에티오피아 정부,ONLF,영토,소규모,내전,,50
329,1996,에티오피아,에티오피아 정부,"AIAI, ONLF",영토,소규모,내전,,211
329,1998,에티오피아,에티오피아 정부,ONLF,영토,소규모,내전,,25
329,1999,에티오피아,에티오피아 정부,"AIAI, ONLF",영토,소규모,내전,,50
329,2000,에티오피아,에티오피아 정부,ONLF,영토,소규모,내전,,25
329,2001,에티오피아,에티오피아 정부,ONLF,영토,소규모,내전,,25
329,2002,에티오피아,에티오피아 정부,ONLF,영토,소규모,내전,,25
329,2003,에티오피아,에티오피아 정부,ONLF,영토,소규모,내전,,25
329,2004,에티오피아,에티오피아 정부,ONLF,영토,소규모,내전,,25
329,2005,에티오피아,에티오피아 정부,ONLF,영토,소규모,내전,,58
329,2006,에티오피아,에티오피아 정부,ONLF,영토,소규모,내전,,25
329,2007,에티오피아,에티오피아 정부,ONLF,영토,소규모,내전,,152
329,2008,에티오피아,에티오피아 정부,ONLF,영토,소규모,내전,,25
329,2009,에티오피아,에티오피아 정부,ONLF,영토,소규모,내전,,473
329,2010,에티오피아,에티오피아 정부,ONLF,영토,소규모,내전,,126
329,2011,에티오피아,에티오피아 정부,ONLF,영토,소규모,내전,,25
329,2012,에티오피아,에티오피아 정부,ONLF,영토,소규모,내전,,25
329,2013,에티오피아,에티오피아 정부,ONLF,영토,소규모,내전,,52
329,2014,에티오피아,에티오피아 정부,ONLF,영토,소규모,내전,,25
329,2015,에티오피아,에티오피아 정부,ONLF,영토,소규모,내전,,25
329,2016,에티오피아,에티오피아 정부,ONLF,영토,소규모,내전,,25
330,1992,인도네시아,인도네시아 정부,CNRT,영토,소규모,내전,,39
330,1997,인도네시아,인도네시아 정부,CNRT,영토,소규모,내전,,51
330,1998,인도네시아,인도네시아 정부,CNRT,영토,소규모,내전,,30
330,1999,인도네시아,인도네시아 정부,CNRT,영토,소규모,내전,,26
331,1989,모로코,모로코 정부,POLISARIO,영토,소규모,내전,,207
332,1989,모잠비크,모잠비크 정부,Renamo,정부/권력,전면전,국제화된 내전,,1149
332,1990,모잠비크,모잠비크 정부,Renamo,정부/권력,전면전,국제화된 내전,,1577
332,1991,모잠비크,모잠비크 정부,Renamo,정부/권력,전면전,내전,,1326
332,1992,모잠비크,모잠비크 정부,Renamo,정부/권력,소규모,내전,,309
332,2013,모잠비크,모잠비크 정부,Renamo,정부/권력,소규모,내전,,42
332,2014,모잠비크,모잠비크 정부,Renamo,정부/권력,소규모,내전,,30
332,2016,모잠비크,모잠비크 정부,Renamo,정부/권력,소규모,내전,,55
332,2018,모잠비크,모잠비크 정부,ASWJ,정부/권력,소규모,내전,,51
332,2019,모잠비크,모잠비크 정부,ASWJ,정부/권력,소규모,내전,,97
333,1989,아프가니스탄,아프가니스탄 정부,"Hizb-i Islami-yi Afghanistan, Hizb-i Islami-yi Afghanistan - Khalis faction, Hizb-i Wahdat, Jam'iyyat-i Islami-yi Afghanistan, Mahaz-i Milli-yi Islami-yi Afghanistan",정부/권력,전면전,국제화된 내전,,5174
333,1990,아프가니스탄,아프가니스탄 정부,"Hizb-i Islami-yi Afghanistan, Hizb-i Islami-yi Afghanistan - Khalis faction, Hizb-i Wahdat, Jam'iyyat-i Islami-yi Afghanistan, Military faction (forces of Shahnawaz Tanay)",정부/권력,전면전,내전,,1478
333,1991,아프가니스탄,아프가니스탄 정부,"Hizb-i Islami-yi Afghanistan, Hizb-i Islami-yi Afghanistan - Khalis faction, Hizb-i Wahdat, Jam'iyyat-i Islami-yi Afghanistan",정부/권력,전면전,내전,,3302
333,1992,아프가니스탄,아프가니스탄 정부,"Hizb-i Islami-yi Afghanistan, Hizb-i Wahdat, Jam'iyyat-i Islami-yi Afghanistan",정부/권력,전면전,내전,,4276
333,1993,아프가니스탄,아프가니스탄 정부,"Hizb-i Islami-yi Afghanistan, Hizb-i Wahdat, Junbish-i Milli-yi Islami",정부/권력,전면전,내전,,3721
333,1994,아프가니스탄,아프가니스탄 정부,"Hizb-i Islami-yi Afghanistan, Hizb-i Wahdat, Junbish-i Milli-yi Islami",정부/권력,전면전,내전,,8937
333,1995,아프가니스탄,아프가니스탄 정부,"Hizb-i Islami-yi Afghanistan, Hizb-i Wahdat, Junbish-i Milli-yi Islami, Taleban",정부/권력,전면전,내전,,5516
333,1996,아프가니스탄,아프가니스탄 정부,"Jam'iyyat-i Islami-yi Afghanistan, Taleban, UIFSA",정부/권력,전면전,내전,,3177
333,1997,아프가니스탄,아프가니스탄 정부,UIFSA,정부/권력,전면전,내전,,6396
333,1998,아프가니스탄,아프가니스탄 정부,UIFSA,정부/권력,전면전,내전,,6256
333,1999,아프가니스탄,아프가니스탄 정부,UIFSA,정부/권력,전면전,내전,,4629
333,2000,아프가니스탄,아프가니스탄 정부,UIFSA,정부/권력,전면전,내전,,5235
333,2001,아프가니스탄,아프가니스탄 정부,UIFSA,정부/권력,전면전,국제화된 내전,,2328
333,2002,아프가니스탄,아프가니스탄 정부,Hizb-i Islami-yi Afghanistan,정부/권력,소규모,내전,,30
333,2003,아프가니스탄,아프가니스탄 정부,"Hizb-i Islami-yi Afghanistan, Taleban",정부/권력,소규모,국제화된 내전,,660
333,2004,아프가니스탄,아프가니스탄 정부,Taleban,정부/권력,소규모,국제화된 내전,,711
333,2005,아프가니스탄,아프가니스탄 정부,Taleban,정부/권력,전면전,국제화된 내전,,1628
333,2006,아프가니스탄,아프가니스탄 정부,"Hizb-i Islami-yi Afghanistan, Taleban",정부/권력,전면전,국제화된 내전,,4734
333,2007,아프가니스탄,아프가니스탄 정부,Taleban,정부/권력,전면전,국제화된 내전,,6848
333,2008,아프가니스탄,아프가니스탄 정부,"Hizb-i Islami-yi Afghanistan, Taleban",정부/권력,전면전,국제화된 내전,,5655
333,2009,아프가니스탄,아프가니스탄 정부,"Hizb-i Islami-yi Afghanistan, Taleban",정부/권력,전면전,국제화된 내전,,6390
333,2010,아프가니스탄,아프가니스탄 정부,"Hizb-i Islami-yi Afghanistan, Taleban",정부/권력,전면전,국제화된 내전,,7038
333,2011,아프가니스탄,아프가니스탄 정부,"Hizb-i Islami-yi Afghanistan, Taleban",정부/권력,전면전,국제화된 내전,,7423
333,2012,아프가니스탄,아프가니스탄 정부,Taleban,정부/권력,전면전,국제화된 내전,,7730
333,2013,아프가니스탄,아프가니스탄 정부,"Hizb-i Islami-yi Afghanistan, Taleban",정부/권력,전면전,국제화된 내전,,8048
333,2014,아프가니스탄,아프가니스탄 정부,Taleban,정부/권력,전면전,국제화된 내전,,12351
333,2015,아프가니스탄,아프가니스탄 정부,Taleban,정부/권력,전면전,국제화된 내전,,16606
333,2016,아프가니스탄,아프가니스탄 정부,Taleban,정부/권력,전면전,국제화된 내전,,15775
333,2017,아프가니스탄,아프가니스탄 정부,Taleban,정부/권력,전면전,국제화된 내전,,16179
333,2018,아프가니스탄,아프가니스탄 정부,Taleban,정부/권력,전면전,국제화된 내전,,22837
333,2019,아프가니스탄,아프가니스탄 정부,Taleban,정부/권력,전면전,국제화된 내전,,28828
333,2020,아프가니스탄,아프가니스탄 정부,"High Council of Afghanistan Islamic Emirate, Taleban",정부/권력,전면전,국제화된 내전,,20159
333,2021,아프가니스탄,아프가니스탄 정부,"NRF, Taleban",정부/권력,전면전,국제화된 내전,,35329
333,2022,아프가니스탄,아프가니스탄 정부,"AFF, NRF",정부/권력,소규모,내전,,617
333,2023,아프가니스탄,아프가니스탄 정부,"AFF, NRF",정부/권력,소규모,내전,,74
333,2024,아프가니스탄,아프가니스탄 정부,NRF,정부/권력,소규모,내전,,28
335,1992,인도,인도 정부,ATTF,영토,소규모,내전,,29
335,1997,인도,인도 정부,"ATTF, NLFT",영토,소규모,내전,,72
335,1999,인도,인도 정부,NLFT,영토,소규모,내전,,32
335,2000,인도,인도 정부,NLFT,영토,소규모,내전,,61
335,2001,인도,인도 정부,NLFT,영토,소규모,내전,,32
335,2002,인도,인도 정부,NLFT,영토,소규모,내전,,40
335,2003,인도,인도 정부,NLFT,영토,소규모,내전,,32
335,2004,인도,인도 정부,NLFT-B,영토,소규모,내전,,26
336,1989,니카라과,니카라과 정부,Contras,정부/권력,소규모,내전,,526
336,1990,니카라과,니카라과 정부,Contras,정부/권력,소규모,내전,,39
337,1989,소말리아,소말리아 정부,"SNM, SPM",정부/권력,소규모,내전,,379
337,1990,소말리아,소말리아 정부,"SNM, SPM, USC/SSA",정부/권력,전면전,내전,,2710
337,1991,소말리아,소말리아 정부,"SNM, SPM, USC/SNA, USC/SSA",정부/권력,전면전,내전,,8005
337,1992,소말리아,소말리아 정부,USC/SNA,정부/권력,전면전,내전,,1154
337,1993,소말리아,소말리아 정부,USC/SNA,정부/권력,소규모,내전,,25
337,1994,소말리아,소말리아 정부,USC/SNA,정부/권력,소규모,내전,,237
337,1995,소말리아,소말리아 정부,USC/SNA,정부/권력,소규모,내전,,104
337,1996,소말리아,소말리아 정부,USC/SNA,정부/권력,소규모,내전,,256
337,2001,소말리아,소말리아 정부,SRRC,정부/권력,소규모,내전,,228
337,2002,소말리아,소말리아 정부,SRRC,정부/권력,소규모,내전,,114
337,2006,소말리아,소말리아 정부,ARS/UIC,정부/권력,소규모,국제화된 내전,,547
337,2007,소말리아,소말리아 정부,ARS/UIC,정부/권력,전면전,국제화된 내전,,1546
337,2008,소말리아,소말리아 정부,"Al-Shabaab, ARS/UIC",정부/권력,전면전,국제화된 내전,,1491
337,2009,소말리아,소말리아 정부,"Al-Shabaab, Hizbul Islam",정부/권력,전면전,국제화된 내전,,1467
337,2010,소말리아,소말리아 정부,"Al-Shabaab, Hizbul Islam",정부/권력,전면전,국제화된 내전,,2150
337,2011,소말리아,소말리아 정부,Al-Shabaab,정부/권력,전면전,국제화된 내전,,1938
337,2012,소말리아,소말리아 정부,Al-Shabaab,정부/권력,전면전,국제화된 내전,,2646
337,2013,소말리아,소말리아 정부,Al-Shabaab,정부/권력,소규모,국제화된 내전,,940
337,2014,소말리아,소말리아 정부,Al-Shabaab,정부/권력,전면전,국제화된 내전,,1153
337,2015,소말리아,소말리아 정부,Al-Shabaab,정부/권력,전면전,국제화된 내전,,1206
337,2016,소말리아,소말리아 정부,Al-Shabaab,정부/권력,전면전,국제화된 내전,,1933
337,2017,소말리아,소말리아 정부,Al-Shabaab,정부/권력,전면전,국제화된 내전,,1918
337,2018,소말리아,소말리아 정부,Al-Shabaab,정부/권력,전면전,국제화된 내전,,2083
337,2019,소말리아,소말리아 정부,Al-Shabaab,정부/권력,전면전,국제화된 내전,,1910
337,2020,소말리아,소말리아 정부,Al-Shabaab,정부/권력,전면전,국제화된 내전,,1901
337,2021,소말리아,소말리아 정부,Al-Shabaab,정부/권력,전면전,국제화된 내전,,2119
337,2022,소말리아,소말리아 정부,Al-Shabaab,정부/권력,전면전,국제화된 내전,,3034
337,2023,소말리아,소말리아 정부,Al-Shabaab,정부/권력,전면전,국제화된 내전,,3859
337,2024,소말리아,소말리아 정부,Al-Shabaab,정부/권력,전면전,국제화된 내전,,2193
338,1991,이란,이란 정부,MEK,정부/권력,소규모,내전,,45
338,1993,이란,이란 정부,MEK,정부/권력,소규모,내전,,76
338,1997,이란,이란 정부,MEK,정부/권력,소규모,내전,,38
338,1999,이란,이란 정부,MEK,정부/권력,소규모,내전,,28
338,2000,이란,이란 정부,MEK,정부/권력,소규모,내전,,40
338,2001,이란,이란 정부,MEK,정부/권력,소규모,내전,,119
338,2005,이란,이란 정부,PJAK,정부/권력,소규모,내전,,28
338,2006,이란,이란 정부,"Jondullah, PJAK",정부/권력,소규모,내전,,57
338,2007,이란,이란 정부,"Jondullah, PJAK",정부/권력,소규모,내전,,86
338,2008,이란,이란 정부,"Jondullah, PJAK",정부/권력,소규모,내전,,121
338,2009,이란,이란 정부,"Jondullah, PJAK",정부/권력,소규모,내전,,133
338,2010,이란,이란 정부,Jondullah,정부/권력,소규모,내전,,74
338,2011,이란,이란 정부,PJAK,정부/권력,소규모,내전,,242
338,2018,이란,이란 정부,PJAK,정부/권력,소규모,내전,,28
338,2019,이란,이란 정부,Jaish al-Adl,정부/권력,소규모,내전,,31
338,2020,이란,이란 정부,PJAK,정부/권력,소규모,내전,,35
338,2021,이란,이란 정부,PJAK,정부/권력,소규모,내전,,30
338,2023,이란,이란 정부,Jaish al-Adl,정부/권력,소규모,내전,,34
338,2024,이란,이란 정부,Jaish al-Adl,정부/권력,소규모,내전,,113
341,1989,라이베리아,라이베리아 정부,NPFL,정부/권력,소규모,내전,,27
341,1990,라이베리아,라이베리아 정부,"INPFL, NPFL",정부/권력,소규모,내전,,347
341,2000,라이베리아,라이베리아 정부,LURD,정부/권력,소규모,내전,,57
341,2001,라이베리아,라이베리아 정부,LURD,정부/권력,소규모,내전,,341
341,2002,라이베리아,라이베리아 정부,LURD,정부/권력,소규모,내전,,492
341,2003,라이베리아,라이베리아 정부,"LURD, MODEL",정부/권력,전면전,내전,,1787
342,1991,스페인,스페인 정부,ETA,영토,소규모,내전,,45
343,2013,튀니지,튀니지 정부,AQIM,정부/권력,소규모,내전,,29
343,2014,튀니지,튀니지 정부,AQIM,정부/권력,소규모,내전,,50
343,2015,튀니지,튀니지 정부,"AQIM, JAK-T",정부/권력,소규모,내전,,59
347,1993,인도,인도 정부,UNLF,영토,소규모,내전,,25
347,1994,인도,인도 정부,UNLF,영토,소규모,내전,,25
347,1995,인도,인도 정부,PLA,영토,소규모,내전,,25
347,1996,인도,인도 정부,PLA,영토,소규모,내전,,28
347,1998,인도,인도 정부,PLA,영토,소규모,내전,,25
347,1999,인도,인도 정부,UNLF,영토,소규모,내전,,31
347,2000,인도,인도 정부,"PLA, UNLF",영토,소규모,내전,,60
347,2003,인도,인도 정부,UNLF,영토,소규모,내전,,27
347,2004,인도,인도 정부,"PLA, UNLF",영토,소규모,내전,,60
347,2005,인도,인도 정부,UNLF,영토,소규모,내전,,47
347,2006,인도,인도 정부,"PLA, UNLF",영토,소규모,내전,,73
347,2007,인도,인도 정부,UNLF,영토,소규모,내전,,45
347,2008,인도,인도 정부,"KCP, PREPAK",영토,소규모,내전,,99
347,2009,인도,인도 정부,"KCP, PREPAK, UNLF",영토,소규모,내전,,96
351,1989,인도,인도 정부,Sikh insurgents,영토,소규모,내전,,905
351,1990,인도,인도 정부,Sikh insurgents,영토,전면전,내전,,1839
351,1991,인도,인도 정부,Sikh insurgents,영토,전면전,내전,,2673
351,1992,인도,인도 정부,Sikh insurgents,영토,전면전,내전,,2390
351,1993,인도,인도 정부,Sikh insurgents,영토,소규모,내전,,358
352,1989,스리랑카,스리랑카 정부,"EPRLF, LTTE",영토,소규모,내전,,145
352,1990,스리랑카,스리랑카 정부,LTTE,영토,전면전,내전,,3561
352,1991,스리랑카,스리랑카 정부,LTTE,영토,전면전,내전,,6432
352,1992,스리랑카,스리랑카 정부,LTTE,영토,전면전,내전,,4091
352,1993,스리랑카,스리랑카 정부,LTTE,영토,전면전,내전,,2075
352,1994,스리랑카,스리랑카 정부,LTTE,영토,소규모,내전,,657
352,1995,스리랑카,스리랑카 정부,LTTE,영토,전면전,내전,,4755
352,1996,스리랑카,스리랑카 정부,LTTE,영토,전면전,내전,,3868
352,1997,스리랑카,스리랑카 정부,LTTE,영토,전면전,내전,,2880
352,1998,스리랑카,스리랑카 정부,LTTE,영토,전면전,내전,,3762
352,1999,스리랑카,스리랑카 정부,LTTE,영토,전면전,내전,,1882
352,2000,스리랑카,스리랑카 정부,LTTE,영토,전면전,내전,,2525
352,2001,스리랑카,스리랑카 정부,LTTE,영토,전면전,내전,,1144
352,2003,스리랑카,스리랑카 정부,LTTE,영토,소규모,내전,,29
352,2005,스리랑카,스리랑카 정부,LTTE,영토,소규모,내전,,88
352,2006,스리랑카,스리랑카 정부,LTTE,영토,전면전,내전,,1970
352,2007,스리랑카,스리랑카 정부,LTTE,영토,전면전,내전,,2494
352,2008,스리랑카,스리랑카 정부,LTTE,영토,전면전,내전,,8262
352,2009,스리랑카,스리랑카 정부,LTTE,영토,전면전,내전,,10165
353,2015,카메룬,카메룬 정부,JAS,정부/권력,소규모,국제화된 내전,,712
353,2016,카메룬,카메룬 정부,JAS,정부/권력,소규모,내전,,32
353,2017,카메룬,카메룬 정부,JAS,정부/권력,소규모,내전,,63
353,2020,카메룬,카메룬 정부,JAS,정부/권력,소규모,내전,,28
353,2022,카메룬,카메룬 정부,JAS,정부/권력,소규모,내전,,31
353,2023,카메룬,카메룬 정부,JAS,정부/권력,소규모,내전,,113
353,2024,카메룬,카메룬 정부,JAS,정부/권력,소규모,내전,,63
354,1989,터키,터키 정부,PKK,영토,소규모,내전,,442
354,1990,터키,터키 정부,PKK,영토,소규모,내전,,526
354,1991,터키,터키 정부,PKK,영토,소규모,내전,,368
354,1992,터키,터키 정부,PKK,영토,전면전,내전,,1659
354,1993,터키,터키 정부,PKK,영토,전면전,내전,,2304
354,1994,터키,터키 정부,PKK,영토,전면전,내전,,4159
354,1995,터키,터키 정부,PKK,영토,전면전,내전,,3725
354,1996,터키,터키 정부,PKK,영토,전면전,내전,,3962
354,1997,터키,터키 정부,PKK,영토,전면전,내전,,3866
354,1998,터키,터키 정부,PKK,영토,전면전,내전,,2073
354,1999,터키,터키 정부,PKK,영토,전면전,내전,,1360
354,2000,터키,터키 정부,PKK,영토,소규모,내전,,176
354,2001,터키,터키 정부,PKK,영토,소규모,내전,,132
354,2002,터키,터키 정부,PKK,영토,소규모,내전,,54
354,2003,터키,터키 정부,PKK,영토,소규모,내전,,82
354,2004,터키,터키 정부,PKK,영토,소규모,내전,,195
354,2005,터키,터키 정부,PKK,영토,소규모,내전,,263
354,2006,터키,터키 정부,PKK,영토,소규모,내전,,225
354,2007,터키,터키 정부,PKK,영토,소규모,내전,,499
354,2008,터키,터키 정부,PKK,영토,소규모,내전,,588
354,2009,터키,터키 정부,PKK,영토,소규모,내전,,147
354,2010,터키,터키 정부,PKK,영토,소규모,내전,,355
354,2011,터키,터키 정부,PKK,영토,소규모,내전,,558
354,2012,터키,터키 정부,PKK,영토,소규모,내전,,853
354,2013,터키,터키 정부,PKK,영토,소규모,내전,,31
354,2015,터키,터키 정부,PKK,영토,소규모,내전,,907
354,2016,터키,터키 정부,PKK,영토,전면전,내전,,1066
354,2017,터키,터키 정부,PKK,영토,소규모,내전,,731
354,2018,터키,터키 정부,PKK,영토,소규모,내전,,921
354,2019,터키,터키 정부,PKK,영토,소규모,내전,,590
354,2020,터키,터키 정부,PKK,영토,소규모,내전,,412
354,2021,터키,터키 정부,PKK,영토,소규모,내전,,475
354,2022,터키,터키 정부,PKK,영토,소규모,내전,,748
354,2023,터키,터키 정부,PKK,영토,소규모,내전,,372
354,2024,터키,터키 정부,PKK,영토,소규모,내전,,209
358,2022,토고,토고 정부,JNIM,정부/권력,소규모,내전,,34
358,2023,토고,토고 정부,JNIM,정부/권력,소규모,내전,,29
358,2024,토고,토고 정부,JNIM,정부/권력,소규모,내전,,46
360,2018,Burkina Faso,Burkina Faso 정부,JNIM,정부/권력,소규모,국제화된 내전,,79
360,2019,Burkina Faso,Burkina Faso 정부,JNIM,정부/권력,소규모,국제화된 내전,,271
360,2020,Burkina Faso,Burkina Faso 정부,JNIM,정부/권력,소규모,국제화된 내전,,352
360,2021,Burkina Faso,Burkina Faso 정부,JNIM,정부/권력,소규모,국제화된 내전,,821
360,2022,Burkina Faso,Burkina Faso 정부,JNIM,정부/권력,전면전,국제화된 내전,,1691
360,2023,Burkina Faso,Burkina Faso 정부,JNIM,정부/권력,전면전,국제화된 내전,,3791
360,2024,Burkina Faso,Burkina Faso 정부,JNIM,정부/권력,전면전,국제화된 내전,,2136
362,1989,Comoros,Comoros 정부,Presidential guard,정부/권력,소규모,내전,,29
363,1996,에티오피아,에티오피아 정부,ARDUF,영토,소규모,내전,,25
364,1990,인도,인도 정부,Kashmir insurgents,영토,소규모,내전,,474
364,1991,인도,인도 정부,Kashmir insurgents,영토,소규모,내전,,330
364,1992,인도,인도 정부,Kashmir insurgents,영토,소규모,내전,,265
364,1993,인도,인도 정부,Kashmir insurgents,영토,소규모,내전,,846
364,1994,인도,인도 정부,Kashmir insurgents,영토,소규모,내전,,958
364,1995,인도,인도 정부,Kashmir insurgents,영토,소규모,내전,,687
364,1996,인도,인도 정부,Kashmir insurgents,영토,소규모,내전,,489
364,1997,인도,인도 정부,Kashmir insurgents,영토,소규모,내전,,533
364,1998,인도,인도 정부,Kashmir insurgents,영토,소규모,내전,,576
364,1999,인도,인도 정부,Kashmir insurgents,영토,소규모,내전,,864
364,2000,인도,인도 정부,Kashmir insurgents,영토,전면전,내전,,2356
364,2001,인도,인도 정부,Kashmir insurgents,영토,소규모,내전,,893
364,2002,인도,인도 정부,Kashmir insurgents,영토,전면전,내전,,1499
364,2003,인도,인도 정부,Kashmir insurgents,영토,전면전,내전,,1328
364,2004,인도,인도 정부,Kashmir insurgents,영토,전면전,내전,,1413
364,2005,인도,인도 정부,Kashmir insurgents,영토,전면전,내전,,1058
364,2006,인도,인도 정부,Kashmir insurgents,영토,소규모,내전,,705
364,2007,인도,인도 정부,Kashmir insurgents,영토,소규모,내전,,550
364,2008,인도,인도 정부,Kashmir insurgents,영토,소규모,내전,,500
364,2009,인도,인도 정부,Kashmir insurgents,영토,소규모,내전,,361
364,2010,인도,인도 정부,Kashmir insurgents,영토,소규모,내전,,370
364,2011,인도,인도 정부,Kashmir insurgents,영토,소규모,내전,,140
364,2012,인도,인도 정부,Kashmir insurgents,영토,소규모,내전,,144
364,2013,인도,인도 정부,Kashmir insurgents,영토,소규모,내전,,146
364,2014,인도,인도 정부,Kashmir insurgents,영토,소규모,내전,,179
364,2015,인도,인도 정부,Kashmir insurgents,영토,소규모,내전,,165
364,2016,인도,인도 정부,Kashmir insurgents,영토,소규모,내전,,282
364,2017,인도,인도 정부,Kashmir insurgents,영토,소규모,내전,,322
364,2018,인도,인도 정부,Kashmir insurgents,영토,소규모,내전,,386
364,2019,인도,인도 정부,Kashmir insurgents,영토,소규모,내전,,267
364,2020,인도,인도 정부,Kashmir insurgents,영토,소규모,내전,,311
364,2021,인도,인도 정부,Kashmir insurgents,영토,소규모,내전,,250
364,2022,인도,인도 정부,Kashmir insurgents,영토,소규모,내전,,235
364,2023,인도,인도 정부,Kashmir insurgents,영토,소규모,내전,,119
364,2024,인도,인도 정부,Kashmir insurgents,영토,소규모,내전,,112
365,1990,인도,인도 정부,ULFA,영토,소규모,내전,,30
365,1994,인도,인도 정부,ULFA,영토,소규모,내전,,25
365,1995,인도,인도 정부,ULFA,영토,소규모,내전,,29
365,1996,인도,인도 정부,ULFA,영토,소규모,내전,,48
365,1997,인도,인도 정부,ULFA,영토,소규모,내전,,112
365,1998,인도,인도 정부,ULFA,영토,소규모,내전,,55
365,1999,인도,인도 정부,ULFA,영토,소규모,내전,,53
365,2000,인도,인도 정부,ULFA,영토,소규모,내전,,87
365,2001,인도,인도 정부,ULFA,영토,소규모,내전,,113
365,2002,인도,인도 정부,ULFA,영토,소규모,내전,,59
365,2003,인도,인도 정부,ULFA,영토,소규모,내전,,43
365,2004,인도,인도 정부,ULFA,영토,소규모,내전,,70
365,2005,인도,인도 정부,ULFA,영토,소규모,내전,,78
365,2006,인도,인도 정부,ULFA,영토,소규모,내전,,49
365,2007,인도,인도 정부,ULFA,영토,소규모,내전,,114
365,2008,인도,인도 정부,ULFA,영토,소규모,내전,,75
365,2009,인도,인도 정부,ULFA,영토,소규모,내전,,63
365,2010,인도,인도 정부,ULFA,영토,소규모,내전,,32
366,1990,인도네시아,인도네시아 정부,GAM,영토,소규모,내전,,72
366,1991,인도네시아,인도네시아 정부,GAM,영토,소규모,내전,,58
366,1999,인도네시아,인도네시아 정부,GAM,영토,소규모,내전,,187
366,2000,인도네시아,인도네시아 정부,GAM,영토,소규모,내전,,286
366,2001,인도네시아,인도네시아 정부,GAM,영토,소규모,내전,,278
366,2002,인도네시아,인도네시아 정부,GAM,영토,소규모,내전,,466
366,2003,인도네시아,인도네시아 정부,GAM,영토,소규모,내전,,868
366,2004,인도네시아,인도네시아 정부,GAM,영토,소규모,내전,,935
366,2005,인도네시아,인도네시아 정부,GAM,영토,소규모,내전,,213
367,1989,파나마,파나마 정부,Military faction (forces of Moisés Giroldi),정부/권력,소규모,내전,,77
368,1989,"파나마, United States of America",파나마 정부,United States of America 정부,정부/권력,소규모,국가간,,843
369,1990,파푸아뉴기니,파푸아뉴기니 정부,BRA,영토,소규모,내전,,55
369,1992,파푸아뉴기니,파푸아뉴기니 정부,BRA,영토,소규모,내전,,35
369,1993,파푸아뉴기니,파푸아뉴기니 정부,BRA,영토,소규모,내전,,34
369,1994,파푸아뉴기니,파푸아뉴기니 정부,BRA,영토,소규모,내전,,26
369,1995,파푸아뉴기니,파푸아뉴기니 정부,BRA,영토,소규모,내전,,29
369,1996,파푸아뉴기니,파푸아뉴기니 정부,BRA,영토,소규모,내전,,78
370,1989,루마니아,루마니아 정부,"Military faction (forces of Nicolae Ceausescu), NSF",정부/권력,소규모,내전,,249
371,1990,"이라크, 쿠웨이트",이라크 정부,쿠웨이트 정부,영토,전면전,국가간,,1058
371,1991,"이라크, 쿠웨이트",이라크 정부,쿠웨이트 정부,영토,전면전,국가간,,21790
372,1990,말리,말리 정부,MPA,영토,소규모,내전,,457
372,1991,말리,말리 정부,FPLA,영토,소규모,내전,,59
372,1994,말리,말리 정부,FIAA,영토,소규모,내전,,106
372,2007,말리,말리 정부,ATNMC,영토,소규모,내전,,39
372,2008,말리,말리 정부,ATNMC,영토,소규모,내전,,112
372,2009,말리,말리 정부,ATNMC,영토,소규모,내전,,39
372,2012,말리,말리 정부,CMA,영토,소규모,내전,,131
372,2014,말리,말리 정부,CMA,영토,소규모,내전,,94
372,2015,말리,말리 정부,CMA,영토,소규모,국제화된 내전,,54
373,1994,니제르,니제르 정부,CRA,영토,소규모,내전,,50
374,1990,르완다,르완다 정부,FPR,정부/권력,전면전,국제화된 내전,,1126
374,1991,르완다,르완다 정부,FPR,정부/권력,소규모,내전,,153
374,1992,르완다,르완다 정부,FPR,정부/권력,소규모,내전,,87
374,1993,르완다,르완다 정부,FPR,정부/권력,소규모,내전,,353
374,1994,르완다,르완다 정부,FPR,정부/권력,전면전,내전,,1882
374,1996,르완다,르완다 정부,ALiR,정부/권력,소규모,내전,,124
374,1997,르완다,르완다 정부,ALiR,정부/권력,전면전,내전,,1086
374,1998,르완다,르완다 정부,ALiR,정부/권력,전면전,내전,,1096
374,1999,르완다,르완다 정부,ALiR,정부/권력,소규모,내전,,315
374,2000,르완다,르완다 정부,ALiR,정부/권력,소규모,내전,,155
374,2001,르완다,르완다 정부,FDLR-FOCA,정부/권력,전면전,내전,,2044
374,2002,르완다,르완다 정부,FDLR-FOCA,정부/권력,소규모,내전,,83
374,2009,르완다,르완다 정부,FDLR-FOCA,정부/권력,전면전,국제화된 내전,,1807
374,2010,르완다,르완다 정부,FDLR-FOCA,정부/권력,소규모,국제화된 내전,,208
374,2011,르완다,르완다 정부,FDLR-FOCA,정부/권력,소규모,국제화된 내전,,116
374,2012,르완다,르완다 정부,FDLR-FOCA,정부/권력,소규모,국제화된 내전,,83
374,2016,르완다,르완다 정부,FDLR-FOCA,정부/권력,소규모,국제화된 내전,,136
374,2019,르완다,르완다 정부,"FDLR-FOCA, FDLR-RUD, RMDC",정부/권력,소규모,국제화된 내전,,226
374,2020,르완다,르완다 정부,"FDLR-FOCA, FDLR-RUD, RMDC",정부/권력,소규모,국제화된 내전,,134
374,2022,르완다,르완다 정부,FDLR-FOCA,정부/권력,소규모,내전,,25
374,2023,르완다,르완다 정부,FDLR-FOCA,정부/권력,소규모,내전,,132
374,2024,르완다,르완다 정부,FDLR-FOCA,정부/권력,소규모,내전,,44
375,1990,세네갈,세네갈 정부,MFDC,영토,소규모,내전,,58
375,1992,세네갈,세네갈 정부,MFDC,영토,소규모,내전,,78
375,1993,세네갈,세네갈 정부,MFDC,영토,소규모,내전,,233
375,1995,세네갈,세네갈 정부,MFDC,영토,소규모,내전,,299
375,1997,세네갈,세네갈 정부,MFDC,영토,소규모,내전,,319
375,1998,세네갈,세네갈 정부,MFDC,영토,소규모,내전,,242
375,2000,세네갈,세네갈 정부,MFDC,영토,소규모,내전,,47
375,2001,세네갈,세네갈 정부,MFDC,영토,소규모,내전,,33
375,2003,세네갈,세네갈 정부,MFDC,영토,소규모,내전,,39
375,2011,세네갈,세네갈 정부,MFDC,영토,소규모,내전,,25
376,1990,러시아,러시아 정부,Republic of Armenia,영토,소규모,내전,,49
376,1991,러시아,러시아 정부,Republic of Armenia,영토,소규모,내전,,220
377,1990,러시아,러시아 정부,APF,영토,소규모,내전,,143
378,1990,Trinidad and Tobago,Trinidad and Tobago 정부,Jamaat al-Muslimeen,정부/권력,소규모,내전,,39
379,1991,지부티,지부티 정부,FRUD,정부/권력,소규모,내전,,60
379,1992,지부티,지부티 정부,FRUD,정부/권력,소규모,내전,,129
379,1993,지부티,지부티 정부,FRUD,정부/권력,소규모,내전,,33
379,1994,지부티,지부티 정부,FRUD,정부/권력,소규모,내전,,39
379,1999,지부티,지부티 정부,FRUD-C,정부/권력,소규모,내전,,25
380,1991,조지아,조지아 정부,National Guard and Mkhedrioni,정부/권력,소규모,내전,,52
380,1992,조지아,조지아 정부,Zviadists,정부/권력,소규모,내전,,71
380,1993,조지아,조지아 정부,Zviadists,정부/권력,소규모,내전,,152
381,1989,아이티,아이티 정부,Military faction (forces of Himmler Rebu and Guy Francois),정부/권력,소규모,내전,,48
381,1991,아이티,아이티 정부,Military faction (forces of Raol Cédras),정부/권력,소규모,내전,,160
381,2004,아이티,아이티 정부,"FLRN, OP Lavalas",정부/권력,소규모,내전,,207
381,2024,아이티,아이티 정부,Viv Ansanm,정부/권력,소규모,국제화된 내전,,193
382,1991,시이에라리온,시이에라리온 정부,RUF,정부/권력,소규모,국제화된 내전,,552
382,1992,시이에라리온,시이에라리온 정부,RUF,정부/권력,소규모,국제화된 내전,,218
382,1993,시이에라리온,시이에라리온 정부,RUF,정부/권력,소규모,국제화된 내전,,415
382,1994,시이에라리온,시이에라리온 정부,RUF,정부/권력,소규모,국제화된 내전,,628
382,1995,시이에라리온,시이에라리온 정부,RUF,정부/권력,전면전,국제화된 내전,,1472
382,1996,시이에라리온,시이에라리온 정부,RUF,정부/권력,소규모,국제화된 내전,,570
382,1997,시이에라리온,시이에라리온 정부,"AFRC, Kamajors, RUF",정부/권력,소규모,국제화된 내전,,748
382,1998,시이에라리온,시이에라리온 정부,"AFRC, Kamajors, RUF",정부/권력,전면전,국제화된 내전,,3287
382,1999,시이에라리온,시이에라리온 정부,"AFRC, RUF",정부/권력,전면전,국제화된 내전,,3153
382,2000,시이에라리온,시이에라리온 정부,"RUF, WSB",정부/권력,소규모,국제화된 내전,,382
382,2001,시이에라리온,시이에라리온 정부,RUF,정부/권력,소규모,내전,,48
383,1991,터키,터키 정부,DHKP-C,정부/권력,소규모,내전,,39
383,1992,터키,터키 정부,DHKP-C,정부/권력,소규모,내전,,71
383,1993,터키,터키 정부,DHKP-C,정부/권력,소규모,내전,,32
383,2000,터키,터키 정부,TKP-ML,정부/권력,소규모,내전,,30
383,2005,터키,터키 정부,MKP,정부/권력,소규모,내전,,30
383,2016,터키,터키 정부,"TAK, Yurtta Sulh Konseyi",정부/권력,소규모,내전,,434
384,1991,Serbia (Yugoslavia),Serbia (Yugoslavia) 정부,Republic of Slovenia,영토,소규모,내전,,64
385,1991,Serbia (Yugoslavia),Serbia (Yugoslavia) 정부,"Croatian irregulars, Republic of Croatia",영토,전면전,내전,,2958
385,1992,Serbia (Yugoslavia),Serbia (Yugoslavia) 정부,Republic of Croatia,영토,소규모,내전,,153
386,1991,알제리,알제리 정부,Takfir wa'l Hijra,정부/권력,소규모,내전,,34
386,1992,알제리,알제리 정부,AIS,정부/권력,소규모,내전,,257
386,1993,알제리,알제리 정부,"AIS, GIA",정부/권력,소규모,내전,,800
386,1994,알제리,알제리 정부,"AIS, GIA",정부/권력,전면전,내전,,1916
386,1995,알제리,알제리 정부,"AIS, GIA",정부/권력,전면전,내전,,3008
386,1996,알제리,알제리 정부,"AIS, GIA",정부/권력,전면전,내전,,1084
386,1997,알제리,알제리 정부,"AIS, GIA",정부/권력,전면전,내전,,1403
386,1998,알제리,알제리 정부,GIA,정부/권력,전면전,내전,,3029
386,1999,알제리,알제리 정부,"AQIM, GIA",정부/권력,전면전,내전,,1031
386,2000,알제리,알제리 정부,"AQIM, GIA",정부/권력,소규모,내전,,947
386,2001,알제리,알제리 정부,"AQIM, GIA",정부/권력,소규모,내전,,642
386,2002,알제리,알제리 정부,"AQIM, GIA",정부/권력,소규모,내전,,539
386,2003,알제리,알제리 정부,"AQIM, GIA",정부/권력,소규모,내전,,670
386,2004,알제리,알제리 정부,AQIM,정부/권력,소규모,국제화된 내전,,451
386,2005,알제리,알제리 정부,AQIM,정부/권력,소규모,내전,,229
386,2006,알제리,알제리 정부,AQIM,정부/권력,소규모,내전,,255
386,2007,알제리,알제리 정부,AQIM,정부/권력,소규모,내전,,472
386,2008,알제리,알제리 정부,AQIM,정부/권력,소규모,내전,,339
386,2009,알제리,알제리 정부,AQIM,정부/권력,소규모,내전,,505
386,2010,알제리,알제리 정부,AQIM,정부/권력,소규모,내전,,236
386,2011,알제리,알제리 정부,AQIM,정부/권력,소규모,내전,,267
386,2012,알제리,알제리 정부,"AQIM, MUJAO",정부/권력,소규모,내전,,256
386,2013,알제리,알제리 정부,AQIM,정부/권력,소규모,내전,,147
386,2014,알제리,알제리 정부,AQIM,정부/권력,소규모,내전,,107
386,2015,알제리,알제리 정부,AQIM,정부/권력,소규모,내전,,84
386,2016,알제리,알제리 정부,AQIM,정부/권력,소규모,내전,,86
386,2017,알제리,알제리 정부,AQIM,정부/권력,소규모,내전,,60
386,2018,알제리,알제리 정부,AQIM,정부/권력,소규모,내전,,33
386,2020,알제리,알제리 정부,AQIM,정부/권력,소규모,내전,,26
387,1991,앙골라,앙골라 정부,FLEC-R,영토,소규모,내전,,25
387,1992,앙골라,앙골라 정부,FLEC-FAC,영토,소규모,내전,,25
387,1994,앙골라,앙골라 정부,"FLEC-FAC, FLEC-R",영토,소규모,내전,,50
387,1995,앙골라,앙골라 정부,FLEC-FAC,영토,소규모,내전,,25
387,1996,앙골라,앙골라 정부,FLEC-FAC,영토,소규모,내전,,29
387,1997,앙골라,앙골라 정부,"FLEC-FAC, FLEC-R",영토,소규모,내전,,51
387,1998,앙골라,앙골라 정부,FLEC-FAC,영토,소규모,내전,,25
387,2002,앙골라,앙골라 정부,"FLEC-FAC, FLEC-R",영토,소규모,내전,,56
387,2003,앙골라,앙골라 정부,FLEC-FAC,영토,소규모,내전,,25
387,2004,앙골라,앙골라 정부,FLEC-FAC,영토,소규모,내전,,25
387,2007,앙골라,앙골라 정부,FLEC-FAC,영토,소규모,내전,,25
387,2009,앙골라,앙골라 정부,FLEC-FAC,영토,소규모,내전,,25
387,2016,앙골라,앙골라 정부,FLEC-FAC-TN,영토,소규모,내전,,25
387,2017,앙골라,앙골라 정부,FLEC-FAC-TN,영토,소규모,내전,,25
387,2019,앙골라,앙골라 정부,FLEC-FAC-TN,영토,소규모,내전,,25
387,2020,앙골라,앙골라 정부,FLEC-FAC-TN,영토,소규모,내전,,25
387,2022,앙골라,앙골라 정부,FLEC-FAC-TN,영토,소규모,내전,,25
387,2024,앙골라,앙골라 정부,FLEC-FAC-TN,영토,소규모,내전,,25
388,1991,아제르바이잔,아제르바이잔 정부,Republic of Artsakh,영토,소규모,국제화된 내전,,35
388,1992,아제르바이잔,아제르바이잔 정부,Republic of Artsakh,영토,전면전,국제화된 내전,,2167
388,1993,아제르바이잔,아제르바이잔 정부,Republic of Artsakh,영토,전면전,국제화된 내전,,1171
388,1994,아제르바이잔,아제르바이잔 정부,Republic of Artsakh,영토,전면전,내전,,1507
388,1997,아제르바이잔,아제르바이잔 정부,Republic of Artsakh,영토,소규모,국제화된 내전,,29
388,1998,아제르바이잔,아제르바이잔 정부,Republic of Artsakh,영토,소규모,국제화된 내전,,34
388,2005,아제르바이잔,아제르바이잔 정부,Republic of Artsakh,영토,소규모,국제화된 내전,,25
388,2008,아제르바이잔,아제르바이잔 정부,Republic of Artsakh,영토,소규모,국제화된 내전,,30
388,2012,아제르바이잔,아제르바이잔 정부,Republic of Artsakh,영토,소규모,국제화된 내전,,25
388,2014,아제르바이잔,아제르바이잔 정부,Republic of Artsakh,영토,소규모,국제화된 내전,,46
388,2015,아제르바이잔,아제르바이잔 정부,Republic of Artsakh,영토,소규모,국제화된 내전,,72
388,2016,아제르바이잔,아제르바이잔 정부,Republic of Artsakh,영토,소규모,국제화된 내전,,141
388,2017,아제르바이잔,아제르바이잔 정부,Republic of Artsakh,영토,소규모,국제화된 내전,,36
388,2020,아제르바이잔,아제르바이잔 정부,Republic of Artsakh,영토,전면전,국제화된 내전,,7646
388,2021,아제르바이잔,아제르바이잔 정부,Republic of Artsakh,영토,소규모,국제화된 내전,,40
388,2022,아제르바이잔,아제르바이잔 정부,Republic of Artsakh,영토,소규모,국제화된 내전,,308
388,2023,아제르바이잔,아제르바이잔 정부,Republic of Artsakh,영토,소규모,국제화된 내전,,462
389,1992,보스니아 헤르체고비나,보스니아 헤르체고비나 정부,"Serbian irregulars, Serbian Republic of Bosnia-Herzegovina",영토,전면전,국제화된 내전,,16802
389,1993,보스니아 헤르체고비나,보스니아 헤르체고비나 정부,"Serbian irregulars, Serbian Republic of Bosnia-Herzegovina",영토,전면전,국제화된 내전,,4980
389,1994,보스니아 헤르체고비나,보스니아 헤르체고비나 정부,"Serbian irregulars, Serbian Republic of Bosnia-Herzegovina",영토,전면전,내전,,4873
389,1995,보스니아 헤르체고비나,보스니아 헤르체고비나 정부,"Serbian irregulars, Serbian Republic of Bosnia-Herzegovina",영토,전면전,내전,,8061
390,1992,크로아티아,크로아티아 정부,"Serbian irregulars, Serbian Republic of Krajina",영토,전면전,국제화된 내전,,4034
390,1993,크로아티아,크로아티아 정부,Serbian Republic of Krajina,영토,소규모,국제화된 내전,,418
390,1994,크로아티아,크로아티아 정부,Serbian Republic of Krajina,영토,소규모,내전,,86
390,1995,크로아티아,크로아티아 정부,Serbian Republic of Krajina,영토,전면전,내전,,1132
391,1993,이집트,이집트 정부,al-Gama'a al-Islamiyya,정부/권력,소규모,내전,,103
391,1994,이집트,이집트 정부,al-Gama'a al-Islamiyya,정부/권력,소규모,내전,,145
391,1995,이집트,이집트 정부,al-Gama'a al-Islamiyya,정부/권력,소규모,내전,,191
391,1996,이집트,이집트 정부,al-Gama'a al-Islamiyya,정부/권력,소규모,내전,,85
391,1997,이집트,이집트 정부,al-Gama'a al-Islamiyya,정부/권력,소규모,내전,,66
391,1998,이집트,이집트 정부,al-Gama'a al-Islamiyya,정부/권력,소규모,내전,,27
391,2014,이집트,이집트 정부,Ansar Bayt al-Maqdis,정부/권력,소규모,내전,,184
391,2017,이집트,이집트 정부,"Harakit Sawa'id Misr, Jama'at Ansar al-Islam",정부/권력,소규모,내전,,103
391,2018,이집트,이집트 정부,Harakit Sawa'id Misr,정부/권력,소규모,내전,,28
391,2019,이집트,이집트 정부,Harakit Sawa'id Misr,정부/권력,소규모,내전,,48
392,1992,조지아,조지아 정부,Republic of Abkhazia,영토,소규모,내전,,566
392,1993,조지아,조지아 정부,Republic of Abkhazia,영토,전면전,내전,,1611
393,1992,조지아,조지아 정부,Republic of South Ossetia,영토,소규모,내전,,134
393,2004,조지아,조지아 정부,Republic of South Ossetia,영토,소규모,내전,,27
393,2008,조지아,조지아 정부,Republic of South Ossetia,영토,소규모,국제화된 내전,,621
394,1992,몰도바,몰도바 정부,PMR,영토,소규모,내전,,585
395,1992,타지키스탄,타지키스탄 정부,"PFT, UTO",정부/권력,전면전,국제화된 내전,,3355
395,1993,타지키스탄,타지키스탄 정부,UTO,정부/권력,전면전,국제화된 내전,,1395
395,1994,타지키스탄,타지키스탄 정부,UTO,정부/권력,소규모,국제화된 내전,,356
395,1995,타지키스탄,타지키스탄 정부,UTO,정부/권력,소규모,국제화된 내전,,368
395,1996,타지키스탄,타지키스탄 정부,UTO,정부/권력,전면전,국제화된 내전,,2790
395,1997,타지키스탄,타지키스탄 정부,Forces of Khudoberdiyev,정부/권력,소규모,내전,,87
395,1998,타지키스탄,타지키스탄 정부,"Forces of Khudoberdiyev, UTO",정부/권력,소규모,내전,,600
395,2000,타지키스탄,타지키스탄 정부,Forces of Mullo Abdullo,정부/권력,소규모,내전,,46
395,2010,타지키스탄,타지키스탄 정부,"Forces of Mullo Abdullo, IMU",정부/권력,소규모,내전,,98
395,2011,타지키스탄,타지키스탄 정부,IMU,정부/권력,소규모,내전,,28
396,1993,아제르바이잔,아제르바이잔 정부,Military faction (forces of Suret Husseinov),정부/권력,소규모,내전,,60
396,1995,아제르바이잔,아제르바이잔 정부,OPON Forces,정부/권력,소규모,내전,,44
397,1993,보스니아 헤르체고비나,보스니아 헤르체고비나 정부,Autonomous Province of Western Bosnia,영토,소규모,내전,,231
397,1994,보스니아 헤르체고비나,보스니아 헤르체고비나 정부,Autonomous Province of Western Bosnia,영토,전면전,내전,,1385
397,1995,보스니아 헤르체고비나,보스니아 헤르체고비나 정부,Autonomous Province of Western Bosnia,영토,소규모,내전,,488
398,1992,보스니아 헤르체고비나,보스니아 헤르체고비나 정부,Croatian Republic of Bosnia-Herzegovina,영토,소규모,내전,,80
398,1993,보스니아 헤르체고비나,보스니아 헤르체고비나 정부,"Croatian irregulars, Croatian Republic of Bosnia-Herzegovina",영토,전면전,국제화된 내전,,7949
398,1994,보스니아 헤르체고비나,보스니아 헤르체고비나 정부,"Croatian irregulars, Croatian Republic of Bosnia-Herzegovina",영토,소규모,내전,,678
399,1993,러시아,러시아 정부,Parliamentary Forces,정부/권력,소규모,내전,,145
399,2023,러시아,러시아 정부,"LSR, RDK, Wagner",정부/권력,소규모,내전,,97
399,2024,러시아,러시아 정부,LSR,정부/권력,소규모,내전,,28
400,1994,멕시코,멕시코 정부,EZLN,정부/권력,소규모,내전,,145
400,1996,멕시코,멕시코 정부,EPR,정부/권력,소규모,내전,,37
401,1994,러시아,러시아 정부,Chechen Republic of Ichkeria,영토,소규모,내전,,229
401,1995,러시아,러시아 정부,Chechen Republic of Ichkeria,영토,전면전,내전,,1754
401,1996,러시아,러시아 정부,Chechen Republic of Ichkeria,영토,전면전,내전,,2721
401,1999,러시아,러시아 정부,Chechen Republic of Ichkeria,영토,전면전,내전,,5769
401,2000,러시아,러시아 정부,Chechen Republic of Ichkeria,영토,전면전,내전,,2907
401,2001,러시아,러시아 정부,Chechen Republic of Ichkeria,영토,소규모,내전,,791
401,2002,러시아,러시아 정부,Chechen Republic of Ichkeria,영토,전면전,내전,,1289
401,2003,러시아,러시아 정부,Chechen Republic of Ichkeria,영토,소규모,내전,,480
401,2004,러시아,러시아 정부,Chechen Republic of Ichkeria,영토,전면전,내전,,1151
401,2005,러시아,러시아 정부,Chechen Republic of Ichkeria,영토,소규모,내전,,682
401,2006,러시아,러시아 정부,Chechen Republic of Ichkeria,영토,소규모,내전,,259
401,2007,러시아,러시아 정부,Chechen Republic of Ichkeria,영토,소규모,내전,,146
402,1994,예멘,예멘 정부,Democratic Republic of Yemen,영토,전면전,내전,,1489
403,1995,"에콰도르, 페루",에콰도르 정부,페루 정부,영토,소규모,국가간,,99
404,1990,파키스탄,파키스탄 정부,MQM,정부/권력,소규모,내전,,70
404,1994,파키스탄,파키스탄 정부,MQM,정부/권력,소규모,내전,,38
404,1995,파키스탄,파키스탄 정부,MQM,정부/권력,소규모,내전,,52
404,1996,파키스탄,파키스탄 정부,MQM,정부/권력,소규모,내전,,42
404,2007,파키스탄,파키스탄 정부,TTP,정부/권력,소규모,내전,,585
404,2008,파키스탄,파키스탄 정부,TTP,정부/권력,전면전,내전,,2998
404,2009,파키스탄,파키스탄 정부,"Lashkar-e-Islam, TTP",정부/권력,전면전,내전,,6303
404,2010,파키스탄,파키스탄 정부,"Lashkar-e-Islam, TTP",정부/권력,전면전,내전,,5574
404,2011,파키스탄,파키스탄 정부,TTP,정부/권력,전면전,내전,,2598
404,2012,파키스탄,파키스탄 정부,"Lashkar-e-Islam, TTP, TTP - TA",정부/권력,전면전,내전,,2673
404,2013,파키스탄,파키스탄 정부,"Lashkar-e-Islam, TTP",정부/권력,전면전,내전,,1729
404,2014,파키스탄,파키스탄 정부,"IMU, Jamaat-ul-Ahrar, Lashkar-e-Islam, TTP",정부/권력,전면전,내전,,2947
404,2015,파키스탄,파키스탄 정부,TTP,정부/권력,전면전,국제화된 내전,,1954
404,2016,파키스탄,파키스탄 정부,TTP,정부/권력,소규모,국제화된 내전,,526
404,2017,파키스탄,파키스탄 정부,TTP,정부/권력,소규모,국제화된 내전,,506
404,2018,파키스탄,파키스탄 정부,TTP,정부/권력,소규모,국제화된 내전,,147
404,2019,파키스탄,파키스탄 정부,TTP,정부/권력,소규모,내전,,148
404,2020,파키스탄,파키스탄 정부,TTP,정부/권력,소규모,내전,,186
404,2021,파키스탄,파키스탄 정부,TTP,정부/권력,소규모,내전,,259
404,2022,파키스탄,파키스탄 정부,TTP,정부/권력,소규모,내전,,494
404,2023,파키스탄,파키스탄 정부,"HGB, TJP, TTP",정부/권력,소규모,내전,,872
404,2024,파키스탄,파키스탄 정부,"HGB, TTP",정부/권력,전면전,내전,,1304
405,1996,"카메룬, 나이지리아",카메룬 정부,나이지리아 정부,영토,소규모,국가간,,56
406,1995,니제르,니제르 정부,FDR,영토,소규모,내전,,34
407,1997,Comoros,Comoros 정부,MPA/Republic of Anjouan,영토,소규모,내전,,56
408,1993,콩고,콩고 정부,Ninjas,정부/권력,소규모,내전,,53
408,1997,콩고,콩고 정부,"Cobras, Cocoyes",정부/권력,전면전,국제화된 내전,,10033
408,1998,콩고,콩고 정부,"Cocoyes, Ninjas, Ntsiloulous",정부/권력,전면전,국제화된 내전,,3272
408,1999,콩고,콩고 정부,"Cocoyes, Ntsiloulous",정부/권력,소규모,국제화된 내전,,626
408,2002,콩고,콩고 정부,Ntsiloulous,정부/권력,소규모,국제화된 내전,,167
408,2016,콩고,콩고 정부,Ntsiloulous,정부/권력,소규모,내전,,73
409,1998,"에리트레아, 에티오피아",에리트레아 정부,에티오피아 정부,영토,전면전,국가간,,1000
409,1999,"에리트레아, 에티오피아",에리트레아 정부,에티오피아 정부,영토,전면전,국가간,,47192
409,2000,"에리트레아, 에티오피아",에리트레아 정부,에티오피아 정부,영토,전면전,국가간,,50000
409,2016,"에리트레아, 에티오피아",에리트레아 정부,에티오피아 정부,영토,소규모,국가간,,25
410,1998,Guinea-Bissau,Guinea-Bissau 정부,"Military Junta for the Consolidation of Democracy, Peace and Justice",정부/권력,소규모,국제화된 내전,,505
410,1999,Guinea-Bissau,Guinea-Bissau 정부,"Military Junta for the Consolidation of Democracy, Peace and Justice",정부/권력,소규모,국제화된 내전,,199
411,1998,Lesotho,Lesotho 정부,Military faction (Lesotho),정부/권력,소규모,국제화된 내전,,78
412,1998,Serbia (Yugoslavia),Serbia (Yugoslavia) 정부,UCK,영토,전면전,내전,,1235
412,1999,Serbia (Yugoslavia),Serbia (Yugoslavia) 정부,UCK,영토,전면전,국제화된 내전,,1404
413,1989,에티오피아,에티오피아 정부,OLF,영토,소규모,내전,,25
413,1990,에티오피아,에티오피아 정부,OLF,영토,소규모,내전,,80
413,1991,에티오피아,에티오피아 정부,OLF,영토,소규모,내전,,700
413,1992,에티오피아,에티오피아 정부,OLF,영토,소규모,내전,,165
413,1994,에티오피아,에티오피아 정부,OLF,영토,소규모,내전,,25
413,1995,에티오피아,에티오피아 정부,OLF,영토,소규모,내전,,25
413,1998,에티오피아,에티오피아 정부,OLF,영토,소규모,내전,,25
413,1999,에티오피아,에티오피아 정부,OLF,영토,소규모,내전,,683
413,2000,에티오피아,에티오피아 정부,OLF,영토,소규모,내전,,25
413,2001,에티오피아,에티오피아 정부,OLF,영토,소규모,내전,,25
413,2002,에티오피아,에티오피아 정부,OLF,영토,소규모,내전,,25
413,2003,에티오피아,에티오피아 정부,OLF,영토,소규모,내전,,25
413,2004,에티오피아,에티오피아 정부,OLF,영토,소규모,내전,,25
413,2005,에티오피아,에티오피아 정부,OLF,영토,소규모,내전,,25
413,2006,에티오피아,에티오피아 정부,OLF,영토,소규모,내전,,25
413,2007,에티오피아,에티오피아 정부,OLF,영토,소규모,내전,,25
413,2008,에티오피아,에티오피아 정부,OLF,영토,소규모,내전,,25
413,2009,에티오피아,에티오피아 정부,OLF,영토,소규모,내전,,42
413,2010,에티오피아,에티오피아 정부,OLF,영토,소규모,내전,,25
413,2011,에티오피아,에티오피아 정부,OLF,영토,소규모,내전,,25
413,2012,에티오피아,에티오피아 정부,OLF,영토,소규모,내전,,25
413,2013,에티오피아,에티오피아 정부,OLF,영토,소규모,내전,,25
413,2015,에티오피아,에티오피아 정부,OLF,영토,소규모,내전,,25
413,2016,에티오피아,에티오피아 정부,OLF,영토,소규모,내전,,25
413,2019,에티오피아,에티오피아 정부,OLA,영토,소규모,내전,,40
413,2020,에티오피아,에티오피아 정부,OLA,영토,소규모,내전,,28
413,2021,에티오피아,에티오피아 정부,OLA,영토,소규모,내전,,283
413,2022,에티오피아,에티오피아 정부,OLA,영토,소규모,국제화된 내전,,766
413,2023,에티오피아,에티오피아 정부,OLA,영토,소규모,내전,,464
413,2024,에티오피아,에티오피아 정부,OLA,영토,소규모,내전,,685
414,1999,러시아,러시아 정부,Wahhabi movement of the Buinaksk district,영토,소규모,내전,,85
415,1999,우즈베키스탄,우즈베키스탄 정부,IMU,정부/권력,소규모,내전,,67
415,2000,우즈베키스탄,우즈베키스탄 정부,IMU,정부/권력,소규모,국제화된 내전,,471
415,2004,우즈베키스탄,우즈베키스탄 정부,JIG,정부/권력,소규모,내전,,37
416,2001,중앙아프리카공화국,중앙아프리카공화국 정부,Military faction (forces of André Kolingba),정부/권력,소규모,국제화된 내전,,195
416,2002,중앙아프리카공화국,중앙아프리카공화국 정부,Forces of Francois Bozize,정부/권력,소규모,내전,,131
416,2006,중앙아프리카공화국,중앙아프리카공화국 정부,Seleka,정부/권력,소규모,국제화된 내전,,46
416,2009,중앙아프리카공화국,중앙아프리카공화국 정부,CPJP,정부/권력,소규모,내전,,28
416,2010,중앙아프리카공화국,중앙아프리카공화국 정부,CPJP,정부/권력,소규모,내전,,25
416,2011,중앙아프리카공화국,중앙아프리카공화국 정부,CPJP,정부/권력,소규모,내전,,44
416,2012,중앙아프리카공화국,중앙아프리카공화국 정부,Seleka,정부/권력,소규모,국제화된 내전,,45
416,2013,중앙아프리카공화국,중앙아프리카공화국 정부,"anti-Balaka, Seleka",정부/권력,소규모,국제화된 내전,,376
416,2014,중앙아프리카공화국,중앙아프리카공화국 정부,anti-Balaka,정부/권력,소규모,국제화된 내전,,136
416,2017,중앙아프리카공화국,중앙아프리카공화국 정부,anti-Balaka,정부/권력,소규모,국제화된 내전,,35
416,2018,중앙아프리카공화국,중앙아프리카공화국 정부,"anti-Balaka, UPC",정부/권력,소규모,국제화된 내전,,103
416,2019,중앙아프리카공화국,중앙아프리카공화국 정부,UPC,정부/권력,소규모,국제화된 내전,,51
416,2020,중앙아프리카공화국,중앙아프리카공화국 정부,"CPC, UPC",정부/권력,소규모,국제화된 내전,,57
416,2021,중앙아프리카공화국,중앙아프리카공화국 정부,"CPC, UPC",정부/권력,소규모,국제화된 내전,,906
416,2022,중앙아프리카공화국,중앙아프리카공화국 정부,CPC,정부/권력,소규모,국제화된 내전,,675
416,2023,중앙아프리카공화국,중앙아프리카공화국 정부,CPC,정부/권력,소규모,국제화된 내전,,230
416,2024,중앙아프리카공화국,중앙아프리카공화국 정부,CPC,정부/권력,소규모,국제화된 내전,,177
417,2001,North Macedonia,North Macedonia 정부,UCK,정부/권력,소규모,내전,,72
418,2001,United States of America,United States of America 정부,al-Qaida,정부/권력,전면전,국제화된 내전,,1583
418,2002,United States of America,United States of America 정부,al-Qaida,정부/권력,소규모,국제화된 내전,,880
418,2003,United States of America,United States of America 정부,al-Qaida,정부/권력,소규모,국제화된 내전,,65
418,2004,United States of America,United States of America 정부,al-Qaida,정부/권력,소규모,국제화된 내전,,378
418,2005,United States of America,United States of America 정부,al-Qaida,정부/권력,소규모,국제화된 내전,,108
418,2006,United States of America,United States of America 정부,al-Qaida,정부/권력,소규모,국제화된 내전,,246
418,2007,United States of America,United States of America 정부,al-Qaida,정부/권력,소규모,국제화된 내전,,186
418,2008,United States of America,United States of America 정부,al-Qaida,정부/권력,소규모,국제화된 내전,,291
418,2009,United States of America,United States of America 정부,al-Qaida,정부/권력,소규모,국제화된 내전,,493
418,2010,United States of America,United States of America 정부,al-Qaida,정부/권력,소규모,국제화된 내전,,329
418,2011,United States of America,United States of America 정부,al-Qaida,정부/권력,소규모,국제화된 내전,,203
418,2012,United States of America,United States of America 정부,al-Qaida,정부/권력,소규모,국제화된 내전,,225
418,2013,United States of America,United States of America 정부,al-Qaida,정부/권력,소규모,국제화된 내전,,38
418,2014,United States of America,United States of America 정부,al-Qaida,정부/권력,소규모,국제화된 내전,,138
418,2015,United States of America,United States of America 정부,al-Qaida,정부/권력,소규모,국제화된 내전,,87
418,2016,United States of America,United States of America 정부,al-Qaida,정부/권력,소규모,국제화된 내전,,117
418,2017,United States of America,United States of America 정부,al-Qaida,정부/권력,소규모,국제화된 내전,,111
418,2019,United States of America,United States of America 정부,al-Qaida,정부/권력,소규모,국제화된 내전,,37
419,2002,코트디부아르,코트디부아르 정부,"MPCI, MPIGO",정부/권력,소규모,내전,,661
419,2003,코트디부아르,코트디부아르 정부,"MJP, MPIGO",정부/권력,소규모,내전,,140
419,2004,코트디부아르,코트디부아르 정부,FRCI,정부/권력,소규모,내전,,47
419,2011,코트디부아르,코트디부아르 정부,"FDSI-CI, FRCI",정부/권력,소규모,내전,,98
420,2003,"호주, 이라크, 영국, United States of America","Australia, United Kingdom, United States of America 정부",이라크 정부,정부/권력,전면전,국가간,,7927
421,1989,인도,인도 정부,ABSU,영토,소규모,내전,,72
421,1990,인도,인도 정부,ABSU,영토,소규모,내전,,25
421,1994,인도,인도 정부,NDFB,영토,소규모,내전,,36
421,1996,인도,인도 정부,NDFB,영토,소규모,내전,,25
421,1997,인도,인도 정부,NDFB,영토,소규모,내전,,34
421,1998,인도,인도 정부,NDFB,영토,소규모,내전,,31
421,1999,인도,인도 정부,NDFB,영토,소규모,내전,,33
421,2001,인도,인도 정부,NDFB,영토,소규모,내전,,77
421,2002,인도,인도 정부,NDFB,영토,소규모,내전,,44
421,2003,인도,인도 정부,NDFB,영토,소규모,내전,,109
421,2004,인도,인도 정부,NDFB,영토,소규모,내전,,27
421,2009,인도,인도 정부,NDFB - RD,영토,소규모,내전,,73
421,2010,인도,인도 정부,NDFB - RD,영토,소규모,내전,,57
421,2013,인도,인도 정부,NDFB-S,영토,소규모,내전,,28
421,2014,인도,인도 정부,NDFB-S,영토,소규모,내전,,39
422,1997,미얀마,미얀마 정부,UWSA,영토,소규모,내전,,130
423,2003,태국,태국 정부,Patani insurgents,영토,소규모,내전,,26
423,2004,태국,태국 정부,Patani insurgents,영토,소규모,내전,,164
423,2005,태국,태국 정부,Patani insurgents,영토,소규모,내전,,205
423,2006,태국,태국 정부,Patani insurgents,영토,소규모,내전,,212
423,2007,태국,태국 정부,Patani insurgents,영토,소규모,내전,,197
423,2008,태국,태국 정부,Patani insurgents,영토,소규모,내전,,130
423,2009,태국,태국 정부,Patani insurgents,영토,소규모,내전,,138
423,2010,태국,태국 정부,Patani insurgents,영토,소규모,내전,,76
423,2011,태국,태국 정부,Patani insurgents,영토,소규모,내전,,143
423,2012,태국,태국 정부,Patani insurgents,영토,소규모,내전,,131
423,2013,태국,태국 정부,Patani insurgents,영토,소규모,내전,,189
423,2014,태국,태국 정부,Patani insurgents,영토,소규모,내전,,68
423,2015,태국,태국 정부,Patani insurgents,영토,소규모,내전,,57
423,2016,태국,태국 정부,Patani insurgents,영토,소규모,내전,,50
423,2017,태국,태국 정부,Patani insurgents,영토,소규모,내전,,43
423,2018,태국,태국 정부,Patani insurgents,영토,소규모,내전,,36
423,2019,태국,태국 정부,Patani insurgents,영토,소규모,내전,,55
423,2020,태국,태국 정부,Patani insurgents,영토,소규모,내전,,46
423,2021,태국,태국 정부,Patani insurgents,영토,소규모,내전,,38
423,2022,태국,태국 정부,Patani insurgents,영토,소규모,내전,,29
423,2023,태국,태국 정부,Patani insurgents,영토,소규모,내전,,30
423,2024,태국,태국 정부,Patani insurgents,영토,소규모,내전,,35
424,2004,나이지리아,나이지리아 정부,Ahlul Sunnah Jamaa,영토,소규모,내전,,84
425,2004,나이지리아,나이지리아 정부,NDPVF,영토,소규모,내전,,67
426,1990,이스라엘,이스라엘 정부,Hezbollah,영토,소규모,내전,,42
426,1991,이스라엘,이스라엘 정부,Hezbollah,영토,소규모,내전,,28
426,1992,이스라엘,이스라엘 정부,Hezbollah,영토,소규모,내전,,87
426,1993,이스라엘,이스라엘 정부,Hezbollah,영토,소규모,내전,,124
426,1994,이스라엘,이스라엘 정부,Hezbollah,영토,소규모,내전,,82
426,1995,이스라엘,이스라엘 정부,Hezbollah,영토,소규모,내전,,74
426,1996,이스라엘,이스라엘 정부,Hezbollah,영토,소규모,내전,,96
426,1997,이스라엘,이스라엘 정부,Hezbollah,영토,소규모,내전,,88
426,1998,이스라엘,이스라엘 정부,Hezbollah,영토,소규모,내전,,54
426,1999,이스라엘,이스라엘 정부,Hezbollah,영토,소규모,내전,,41
426,2000,이스라엘,이스라엘 정부,Hezbollah,영토,소규모,내전,,27
426,2006,이스라엘,이스라엘 정부,Hezbollah,영토,전면전,내전,,1242
426,2023,이스라엘,이스라엘 정부,Hezbollah,영토,소규모,내전,,139
426,2024,이스라엘,이스라엘 정부,Hezbollah,영토,전면전,내전,,4362
429,2007,DR Congo (Zaire),DR Congo (Zaire) 정부,BDK,영토,소규모,내전,,116
429,2008,DR Congo (Zaire),DR Congo (Zaire) 정부,BDK,영토,소규모,내전,,250
429,2017,DR Congo (Zaire),DR Congo (Zaire) 정부,BDK,영토,소규모,국제화된 내전,,86
429,2020,DR Congo (Zaire),DR Congo (Zaire) 정부,BDK,영토,소규모,국제화된 내전,,64
430,1991,니제르,니제르 정부,FLAA,정부/권력,소규모,내전,,40
430,1992,니제르,니제르 정부,FLAA,정부/권력,소규모,내전,,29
430,1997,니제르,니제르 정부,UFRA,정부/권력,소규모,내전,,62
430,2007,니제르,니제르 정부,MNJ,정부/권력,소규모,내전,,81
430,2008,니제르,니제르 정부,MNJ,정부/권력,소규모,내전,,47
430,2021,니제르,니제르 정부,JNIM,정부/권력,소규모,국제화된 내전,,76
430,2022,니제르,니제르 정부,JNIM,정부/권력,소규모,국제화된 내전,,165
430,2023,니제르,니제르 정부,JNIM,정부/권력,소규모,국제화된 내전,,48
430,2024,니제르,니제르 정부,JNIM,정부/권력,소규모,내전,,440
432,2007,러시아,러시아 정부,Forces of the Caucasus Emirate,영토,소규모,내전,,30
432,2008,러시아,러시아 정부,Forces of the Caucasus Emirate,영토,소규모,내전,,404
432,2009,러시아,러시아 정부,Forces of the Caucasus Emirate,영토,소규모,내전,,697
432,2010,러시아,러시아 정부,Forces of the Caucasus Emirate,영토,소규모,내전,,418
432,2011,러시아,러시아 정부,Forces of the Caucasus Emirate,영토,소규모,내전,,359
432,2012,러시아,러시아 정부,Forces of the Caucasus Emirate,영토,소규모,내전,,516
432,2013,러시아,러시아 정부,Forces of the Caucasus Emirate,영토,소규모,내전,,321
432,2014,러시아,러시아 정부,Forces of the Caucasus Emirate,영토,소규모,내전,,173
432,2015,러시아,러시아 정부,Forces of the Caucasus Emirate,영토,소규모,내전,,30
434,2008,인도,인도 정부,PULF,영토,소규모,내전,,25
435,2008,"지부티, 에리트레아",지부티 정부,에리트레아 정부,영토,소규모,국가간,,35
439,2009,미얀마,미얀마 정부,MNDAA,영토,소규모,내전,,80
439,2014,미얀마,미얀마 정부,MNDAA,영토,소규모,내전,,67
439,2015,미얀마,미얀마 정부,MNDAA,영토,소규모,내전,,309
439,2017,미얀마,미얀마 정부,MNDAA,영토,소규모,내전,,35
439,2021,미얀마,미얀마 정부,MNDAA,영토,소규모,내전,,71
439,2023,미얀마,미얀마 정부,MNDAA,영토,소규모,내전,,49
439,2024,미얀마,미얀마 정부,MNDAA,영토,소규모,내전,,99
442,2010,모리타니,모리타니 정부,AQIM,정부/권력,소규모,국제화된 내전,,29
